date,territory,territory_label,territory_abbr,year,month,quarter,rep_visits,medical_congress,journal_advertising,hcp_email,hcp_digital,speaker_programs,samples_coupons,dtc_tv,dtc_digital,dtc_ooh,patient_email,patient_advocacy,competitor_spend,price_index,total_spend,scripts_written,vaccine_season,congress_month
2021-01-01,northeast,Northeast,NE,2021,1,1,194.01,46.66,46.9,12.99,58.82,36.27,133.74,204.46,104.92,29.67,14.38,22.0,65.3092,94.5,904.82,6642,0,0
2021-02-01,northeast,Northeast,NE,2021,2,1,155.11,102.02,47.95,13.27,63.53,39.6,92.43,220.5,137.01,54.5,12.58,27.49,101.1978,93.7,965.99,7076,0,1
2021-03-01,northeast,Northeast,NE,2021,3,1,206.31,69.27,49.02,17.3,49.41,50.58,77.16,295.72,130.34,35.86,13.14,27.45,77.59840000000001,94.4,1021.56,6890,0,0
2021-04-01,northeast,Northeast,NE,2021,4,2,186.09,46.28,43.34,16.91,55.05,44.61,83.6,173.23,89.57,38.11,14.32,17.05,73.71979999999999,87.4,808.16,6953,0,0
2021-05-01,northeast,Northeast,NE,2021,5,2,117.01,87.42,46.02,12.7,46.05,29.16,100.46,182.37,55.38,60.35,11.6,19.85,89.4498,83.5,768.37,6744,0,1
2021-06-01,northeast,Northeast,NE,2021,6,2,115.66,58.25,43.38,21.72,50.19,28.2,113.61,207.97,75.65,44.83,9.84,19.88,141.3214,83.5,789.18,5872,0,0
2021-07-01,northeast,Northeast,NE,2021,7,3,141.96,55.07,26.9,16.82,55.18,40.61,62.92,248.33,64.87,41.25,24.48,24.44,94.9234,87.8,802.83,5771,0,0
2021-08-01,northeast,Northeast,NE,2021,8,3,145.93,52.43,32.29,12.24,57.05,34.64,110.52,184.88,83.06,56.47,12.92,15.78,98.69420000000001,84.8,798.21,5801,0,0
2021-09-01,northeast,Northeast,NE,2021,9,3,301.42,88.44,30.0,21.06,53.24,35.37,123.58,332.5,110.78,47.17,14.01,19.16,175.296,83.2,1176.73,8744,1,0
2021-10-01,northeast,Northeast,NE,2021,10,4,354.12,67.2,41.38,12.52,50.68,48.62,88.84,248.63,122.02,49.42,17.07,21.27,82.92020000000001,82.9,1121.77,8817,1,1
2021-11-01,northeast,Northeast,NE,2021,11,4,197.4,66.16,31.77,14.26,76.71,49.45,96.62,351.2,76.32,36.96,11.77,24.59,61.5054,85.9,1033.21,9471,1,0
2021-12-01,northeast,Northeast,NE,2021,12,4,255.93,67.43,39.51,19.15,50.66,41.39,95.63,159.86,74.48,46.56,14.55,18.29,72.15780000000001,85.5,883.44,7221,0,0
2022-01-01,northeast,Northeast,NE,2022,1,1,155.56,41.25,62.62,11.76,50.97,51.45,133.18,238.94,88.55,38.85,14.02,25.32,184.0036,85.9,912.47,7621,0,0
2022-02-01,northeast,Northeast,NE,2022,2,1,156.91,104.41,37.56,27.34,49.45,28.0,108.78,285.02,100.32,45.89,14.18,21.97,79.71039999999999,83.7,979.83,7594,0,1
2022-03-01,northeast,Northeast,NE,2022,3,1,192.17,66.71,36.06,14.55,43.88,56.19,68.82,170.98,66.03,57.91,13.98,19.59,69.3858,83.2,806.87,8223,0,0
2022-04-01,northeast,Northeast,NE,2022,4,2,185.31,81.33,40.45,20.05,71.82,30.57,66.27,183.69,78.38,42.17,11.46,20.15,67.8656,95.8,831.65,7281,0,0
2022-05-01,northeast,Northeast,NE,2022,5,2,203.23,63.45,35.86,12.58,50.49,31.63,104.21,221.08,142.19,42.45,19.53,19.39,85.6768,93.4,946.09,7309,0,1
2022-06-01,northeast,Northeast,NE,2022,6,2,131.59,56.21,33.12,22.55,45.48,44.69,82.31,203.95,90.24,38.84,11.92,15.24,90.9568,94.8,776.14,6354,0,0
2022-07-01,northeast,Northeast,NE,2022,7,3,119.58,63.42,60.83,14.1,41.32,27.05,89.32,250.62,68.68,45.66,13.86,13.92,69.1438,103.7,808.36,5615,0,0
2022-08-01,northeast,Northeast,NE,2022,8,3,163.15,55.51,35.94,17.7,71.66,37.01,90.77,191.9,60.28,44.35,12.03,20.08,62.174200000000006,107.5,800.38,5820,0,0
2022-09-01,northeast,Northeast,NE,2022,9,3,192.54,61.23,32.06,13.63,80.02,30.12,171.78,205.57,132.73,85.48,12.09,18.71,63.5954,106.4,1035.96,8637,1,0
2022-10-01,northeast,Northeast,NE,2022,10,4,404.66,56.22,34.92,14.8,86.76,32.72,104.69,226.17,106.21,39.3,11.62,17.91,73.65159999999999,119.0,1135.98,8690,1,1
2022-11-01,northeast,Northeast,NE,2022,11,4,246.27,93.95,42.49,16.75,55.75,46.1,162.39,455.05,90.53,84.64,23.99,19.35,87.1596,116.0,1337.26,8957,1,0
2022-12-01,northeast,Northeast,NE,2022,12,4,146.47,65.51,34.01,15.52,73.63,31.37,117.85,277.53,96.6,37.5,12.55,20.23,117.7814,115.5,928.77,6804,0,0
2023-01-01,northeast,Northeast,NE,2023,1,1,271.3,50.41,24.68,13.57,56.41,41.05,71.71,333.98,102.97,43.96,9.76,26.82,59.191,106.0,1046.62,7702,0,0
2023-02-01,northeast,Northeast,NE,2023,2,1,174.48,96.84,39.32,11.57,43.47,28.79,98.84,164.29,106.69,47.15,7.61,18.18,99.87780000000001,102.6,837.23,8387,0,1
2023-03-01,northeast,Northeast,NE,2023,3,1,185.01,44.13,55.28,15.84,69.54,34.1,109.04,304.25,88.63,45.23,9.49,33.66,76.3884,102.3,994.2,7882,0,0
2023-04-01,northeast,Northeast,NE,2023,4,2,191.81,41.23,45.48,14.36,43.3,39.08,74.68,308.66,73.96,46.17,11.64,23.98,70.5342,116.1,914.35,7214,0,0
2023-05-01,northeast,Northeast,NE,2023,5,2,150.3,86.63,50.94,12.1,60.57,36.58,88.97,190.01,122.08,52.82,14.06,20.67,87.4324,114.1,885.73,7035,0,1
2023-06-01,northeast,Northeast,NE,2023,6,2,158.08,50.59,40.19,19.24,51.85,54.63,90.12,234.87,75.84,41.16,8.36,19.16,61.82880000000001,115.0,844.09,5564,0,0
2023-07-01,northeast,Northeast,NE,2023,7,3,118.58,83.09,42.59,24.18,44.66,71.13,84.84,308.38,81.8,40.93,12.0,21.6,151.5294,107.6,933.78,5910,0,0
2023-08-01,northeast,Northeast,NE,2023,8,3,252.75,77.57,28.9,14.03,49.87,27.64,80.22,158.15,90.24,31.31,16.73,15.95,83.7254,109.2,843.36,5902,0,0
2023-09-01,northeast,Northeast,NE,2023,9,3,273.27,65.68,51.23,11.34,71.37,26.94,122.22,322.09,100.13,47.39,19.62,18.76,77.7876,109.5,1130.04,9467,1,0
2023-10-01,northeast,Northeast,NE,2023,10,4,383.93,119.16,34.35,20.05,55.73,30.06,122.34,281.16,94.35,66.22,12.61,15.39,58.9204,116.4,1235.35,9586,1,1
2023-11-01,northeast,Northeast,NE,2023,11,4,239.02,52.03,30.32,20.26,65.01,41.32,104.27,317.02,128.26,58.04,12.22,18.66,59.1448,115.2,1086.43,9842,1,0
2023-12-01,northeast,Northeast,NE,2023,12,4,153.02,79.17,52.77,14.51,64.31,27.76,88.0,360.24,94.94,48.72,13.45,18.93,74.943,112.9,1015.82,7455,0,0
2021-01-01,southeast,Southeast,SE,2021,1,1,179.43,35.56,47.27,10.44,37.09,26.12,63.35,252.8,54.53,37.87,8.94,23.45,49.22279999999999,108.2,776.85,5283,0,0
2021-02-01,southeast,Southeast,SE,2021,2,1,122.84,111.96,29.53,13.83,41.58,29.04,79.28,237.45,70.49,32.24,8.08,17.47,63.486,109.7,793.79,5530,0,1
2021-03-01,southeast,Southeast,SE,2021,3,1,173.85,63.94,22.09,10.67,67.79,45.39,68.41,159.52,88.13,45.93,8.22,18.8,57.0366,109.2,772.74,5071,0,0
2021-04-01,southeast,Southeast,SE,2021,4,2,139.44,41.3,58.1,8.08,43.27,18.21,119.65,136.94,65.82,29.34,10.33,15.49,45.1566,115.1,685.97,5132,0,0
2021-05-01,southeast,Southeast,SE,2021,5,2,163.42,53.24,21.23,12.79,86.03,30.2,120.87,201.5,72.92,43.78,11.3,15.39,77.64659999999999,117.8,832.67,5314,0,1
2021-06-01,southeast,Southeast,SE,2021,6,2,111.69,41.74,38.76,12.58,27.37,44.05,49.67,183.05,78.32,28.51,8.64,20.51,64.4346,112.7,644.89,4582,0,0
2021-07-01,southeast,Southeast,SE,2021,7,3,162.3,42.12,33.8,12.22,44.96,32.63,88.41,190.56,80.44,29.61,18.87,17.92,71.1288,114.8,753.84,4656,0,0
2021-08-01,southeast,Southeast,SE,2021,8,3,94.79,53.78,27.25,19.34,37.1,30.34,114.17,158.9,53.33,38.87,12.24,14.16,57.26519999999999,115.4,654.27,4698,0,0
2021-09-01,southeast,Southeast,SE,2021,9,3,178.92,38.12,27.68,11.18,50.41,29.98,66.37,204.69,63.87,57.57,8.15,20.23,39.0042,114.2,757.17,6671,1,0
2021-10-01,southeast,Southeast,SE,2021,10,4,285.83,52.9,25.94,12.26,35.86,22.38,80.79,328.92,82.72,46.93,9.92,23.35,46.5516,105.6,1007.8,6573,1,1
2021-11-01,southeast,Southeast,SE,2021,11,4,158.84,52.48,26.98,10.75,50.35,33.89,125.12,157.18,57.01,31.07,9.22,14.81,74.33099999999999,102.8,727.7,6832,1,0
2021-12-01,southeast,Southeast,SE,2021,12,4,131.67,48.02,29.21,9.44,39.08,26.81,81.5,242.15,79.77,27.52,11.66,25.32,58.959,104.5,752.15,5751,0,0
2022-01-01,southeast,Southeast,SE,2022,1,1,208.29,46.75,41.24,12.63,34.05,21.54,61.47,185.69,38.23,41.11,12.68,15.97,69.9498,101.0,719.65,6185,0,0
2022-02-01,southeast,Southeast,SE,2022,2,1,133.57,74.42,35.16,16.25,34.23,40.84,96.39,230.74,75.6,25.52,10.45,21.96,56.8782,104.6,795.13,6039,0,1
2022-03-01,southeast,Southeast,SE,2022,3,1,141.52,56.53,30.14,8.69,39.97,81.72,63.36,197.31,58.03,33.52,9.84,14.85,99.05219999999998,103.2,735.48,5963,0,0
2022-04-01,southeast,Southeast,SE,2022,4,2,164.92,48.66,41.0,13.33,49.59,22.07,69.32,148.46,94.66,29.38,10.42,15.23,61.9272,95.5,707.04,5881,0,0
2022-05-01,southeast,Southeast,SE,2022,5,2,132.74,54.93,32.79,9.84,47.1,30.33,86.96,161.91,78.02,38.01,11.47,24.06,51.48539999999999,97.1,708.16,6041,0,1
2022-06-01,southeast,Southeast,SE,2022,6,2,141.27,41.0,37.99,12.06,52.67,62.84,51.12,206.87,57.42,27.14,7.51,17.77,65.2302,95.4,715.66,5262,0,0
2022-07-01,southeast,Southeast,SE,2022,7,3,197.97,59.44,37.19,11.15,60.26,25.12,66.57,153.1,53.15,19.28,8.62,16.57,84.3102,89.9,708.42,5095,0,0
2022-08-01,southeast,Southeast,SE,2022,8,3,138.19,45.02,21.87,22.4,80.65,21.57,63.06,144.57,56.72,35.31,10.41,16.87,56.1132,89.2,656.64,5164,0,0
2022-09-01,southeast,Southeast,SE,2022,9,3,214.55,37.35,21.52,10.42,75.15,33.52,75.97,178.5,128.29,45.31,10.95,19.86,44.4132,89.6,851.39,7538,1,0
2022-10-01,southeast,Southeast,SE,2022,10,4,292.28,54.58,34.85,16.18,55.28,46.3,73.85,203.89,60.32,32.64,9.32,20.01,71.50859999999999,89.6,899.5,7135,1,1
2022-11-01,southeast,Southeast,SE,2022,11,4,181.02,46.94,43.27,17.15,60.67,40.8,74.22,151.83,58.66,41.76,10.63,18.2,47.07,90.0,745.15,7855,1,0
2022-12-01,southeast,Southeast,SE,2022,12,4,128.43,47.72,27.54,13.97,67.15,28.51,104.0,185.89,58.35,51.51,10.93,19.75,80.0496,90.7,743.75,6007,0,0
2023-01-01,southeast,Southeast,SE,2023,1,1,148.14,42.77,35.59,12.15,69.58,34.82,76.43,171.66,70.64,35.94,11.76,14.56,58.6206,83.8,724.04,6435,0,0
2023-02-01,southeast,Southeast,SE,2023,2,1,133.93,74.15,28.57,13.59,61.09,26.25,111.72,211.39,101.75,42.95,12.48,16.15,70.2522,86.7,834.02,7064,0,1
2023-03-01,southeast,Southeast,SE,2023,3,1,164.06,50.39,30.94,12.36,39.18,27.04,88.84,185.56,76.94,42.43,9.31,13.94,68.2254,84.7,740.99,6609,0,0
2023-04-01,southeast,Southeast,SE,2023,4,2,144.46,45.38,25.85,10.49,51.02,25.78,98.58,164.39,72.49,34.39,7.72,16.97,58.0734,85.0,697.52,6433,0,0
2023-05-01,southeast,Southeast,SE,2023,5,2,138.53,65.2,29.94,13.24,43.87,22.83,129.27,140.18,49.78,29.68,9.86,16.51,47.57039999999999,86.9,688.89,6483,0,1
2023-06-01,southeast,Southeast,SE,2023,6,2,170.88,59.58,35.2,11.89,46.16,36.06,62.57,220.86,64.47,48.67,13.07,16.85,105.8868,81.8,786.26,6002,0,0
2023-07-01,southeast,Southeast,SE,2023,7,3,143.21,44.97,29.46,9.82,29.58,19.72,59.58,162.18,77.58,44.69,10.85,12.24,64.2348,91.2,643.88,5468,0,0
2023-08-01,southeast,Southeast,SE,2023,8,3,103.21,49.64,27.29,11.38,46.89,26.56,71.54,245.54,58.8,27.07,9.61,11.16,72.9558,95.6,688.69,5542,0,0
2023-09-01,southeast,Southeast,SE,2023,9,3,233.22,49.67,51.39,12.76,34.02,22.87,83.14,202.97,79.72,27.39,10.6,17.54,127.51199999999999,95.0,825.29,7685,1,0
2023-10-01,southeast,Southeast,SE,2023,10,4,265.5,40.76,37.04,12.25,44.39,31.08,70.06,173.05,65.76,66.43,12.43,23.82,83.6532,97.2,842.57,8399,1,1
2023-11-01,southeast,Southeast,SE,2023,11,4,163.93,54.97,31.88,15.71,44.11,41.6,69.48,240.06,80.76,41.89,9.95,25.11,70.57619999999999,93.3,819.45,7356,1,0
2023-12-01,southeast,Southeast,SE,2023,12,4,140.56,31.26,36.08,17.07,44.31,27.03,78.37,169.8,72.66,32.41,14.78,13.4,66.609,95.7,677.73,6350,0,0
2021-01-01,midwest,Midwest,MW,2021,1,1,172.96,49.63,48.87,11.66,44.34,25.19,105.24,202.34,102.68,37.25,12.48,18.28,85.142,104.3,830.92,5436,0,0
2021-02-01,midwest,Midwest,MW,2021,2,1,174.9,85.91,29.88,12.1,30.82,28.13,76.55,247.45,99.16,46.1,12.54,16.2,83.95800000000001,102.6,859.74,5592,0,1
2021-03-01,midwest,Midwest,MW,2021,3,1,120.53,71.89,27.99,11.63,55.87,34.9,103.12,246.78,76.76,38.94,12.23,15.78,84.766,105.4,816.42,5828,0,0
2021-04-01,midwest,Midwest,MW,2021,4,2,176.6,54.22,45.45,10.16,36.39,32.38,96.45,208.25,89.62,37.48,7.39,16.07,68.078,100.4,810.46,4907,0,0
2021-05-01,midwest,Midwest,MW,2021,5,2,120.61,53.82,23.02,18.08,52.7,22.71,84.39,159.64,57.91,28.69,8.6,24.27,84.49000000000001,99.5,654.44,5218,0,1
2021-06-01,midwest,Midwest,MW,2021,6,2,144.85,60.4,22.3,23.29,54.49,33.45,68.51,197.79,91.08,39.65,17.64,17.28,71.15,98.6,770.73,4043,0,0
2021-07-01,midwest,Midwest,MW,2021,7,3,181.8,59.22,32.36,14.08,50.52,38.48,65.83,182.21,69.66,27.28,11.58,16.33,90.726,105.3,749.35,4271,0,0
2021-08-01,midwest,Midwest,MW,2021,8,3,101.0,71.5,34.49,8.08,44.93,29.4,70.08,169.99,48.91,35.14,7.65,20.41,64.67999999999999,104.7,641.58,4032,0,0
2021-09-01,midwest,Midwest,MW,2021,9,3,331.75,127.16,28.02,11.4,86.52,38.9,122.48,345.92,113.92,52.09,7.91,15.71,64.49600000000001,105.6,1281.78,7322,1,0
2021-10-01,midwest,Midwest,MW,2021,10,4,557.79,54.13,26.82,14.3,55.84,30.64,158.57,344.74,110.07,69.94,11.05,16.18,74.944,102.3,1450.07,7593,1,1
2021-11-01,midwest,Midwest,MW,2021,11,4,179.32,69.59,34.6,13.28,56.93,50.84,113.31,268.9,72.54,53.47,7.14,23.44,53.452,101.0,943.36,7520,1,0
2021-12-01,midwest,Midwest,MW,2021,12,4,227.56,59.45,38.7,14.13,49.04,38.1,72.98,220.01,75.92,39.5,11.54,17.47,113.08,100.4,864.4,5807,0,0
2022-01-01,midwest,Midwest,MW,2022,1,1,172.92,51.82,41.68,14.95,29.3,30.12,104.92,226.37,75.25,29.48,10.24,16.93,68.102,110.3,803.98,5995,0,0
2022-02-01,midwest,Midwest,MW,2022,2,1,161.84,94.35,37.22,13.07,97.67,26.72,74.34,200.93,63.73,80.67,16.94,13.17,52.662000000000006,108.4,880.65,5982,0,1
2022-03-01,midwest,Midwest,MW,2022,3,1,126.88,62.74,56.69,19.21,65.92,49.9,63.78,231.53,77.36,43.13,12.55,14.93,70.174,109.9,824.62,5823,0,0
2022-04-01,midwest,Midwest,MW,2022,4,2,135.41,66.05,54.16,19.46,51.72,32.0,131.28,165.31,58.18,36.16,12.86,16.73,75.956,105.5,779.32,5470,0,0
2022-05-01,midwest,Midwest,MW,2022,5,2,129.72,70.51,35.13,12.9,42.18,38.1,102.93,225.09,104.38,45.3,16.01,14.42,81.32600000000001,106.4,836.67,5342,0,1
2022-06-01,midwest,Midwest,MW,2022,6,2,196.68,56.65,35.8,11.23,31.08,38.63,81.57,383.97,73.29,45.43,15.17,19.69,50.988,106.0,989.19,4426,0,0
2022-07-01,midwest,Midwest,MW,2022,7,3,140.71,58.46,35.16,15.73,46.98,33.54,115.55,188.26,92.66,34.66,11.95,15.07,84.256,99.6,788.73,4571,0,0
2022-08-01,midwest,Midwest,MW,2022,8,3,132.68,35.47,38.99,12.02,67.35,45.46,56.39,210.01,66.54,57.42,10.87,19.31,77.762,102.1,752.51,4960,0,0
2022-09-01,midwest,Midwest,MW,2022,9,3,193.79,64.36,52.5,10.3,55.82,46.43,91.07,216.11,72.82,41.36,13.18,15.82,57.388000000000005,97.1,873.56,7936,1,0
2022-10-01,midwest,Midwest,MW,2022,10,4,310.81,69.04,45.47,15.89,49.98,26.67,180.48,263.92,88.22,58.04,12.28,19.41,103.49600000000001,95.9,1140.21,7843,1,1
2022-11-01,midwest,Midwest,MW,2022,11,4,217.73,63.15,43.63,16.04,66.33,36.26,99.0,186.73,68.55,37.3,8.16,14.45,70.952,93.6,857.33,7840,1,0
2022-12-01,midwest,Midwest,MW,2022,12,4,174.34,74.13,30.5,15.33,41.02,25.55,73.53,225.64,81.77,39.88,10.82,22.87,55.822,97.3,815.38,6035,0,0
2023-01-01,midwest,Midwest,MW,2023,1,1,150.89,65.14,38.61,11.65,44.8,34.61,129.35,254.07,118.14,35.33,10.4,23.14,52.39,96.5,916.13,6239,0,0
2023-02-01,midwest,Midwest,MW,2023,2,1,211.1,127.88,30.75,12.85,57.2,34.12,118.02,201.23,85.29,37.04,7.76,18.85,53.406,92.8,942.09,6648,0,1
2023-03-01,midwest,Midwest,MW,2023,3,1,128.99,54.87,57.69,12.44,87.56,46.44,75.42,164.25,49.52,37.8,12.27,31.34,56.926,93.5,758.59,6912,0,0
2023-04-01,midwest,Midwest,MW,2023,4,2,163.84,53.33,37.37,24.14,46.84,31.85,123.0,211.33,78.4,51.32,7.71,18.17,83.602,87.4,847.3,6290,0,0
2023-05-01,midwest,Midwest,MW,2023,5,2,166.53,96.44,34.86,14.58,52.66,30.48,100.06,291.99,107.36,66.21,12.87,17.06,124.97200000000001,91.1,991.1,5876,0,1
2023-06-01,midwest,Midwest,MW,2023,6,2,120.75,59.66,34.77,16.05,44.21,36.43,57.9,221.63,52.38,54.42,14.93,14.25,122.56800000000001,90.7,727.38,4948,0,0
2023-07-01,midwest,Midwest,MW,2023,7,3,136.61,59.35,43.88,14.1,51.31,33.71,72.77,223.36,76.02,27.27,8.06,12.08,91.806,86.4,758.52,5171,0,0
2023-08-01,midwest,Midwest,MW,2023,8,3,120.97,47.86,37.5,11.47,50.54,43.28,110.34,161.02,92.26,38.11,10.14,20.3,46.182,81.0,743.79,5106,0,0
2023-09-01,midwest,Midwest,MW,2023,9,3,241.63,53.49,23.84,10.33,51.66,33.58,99.47,182.51,119.78,37.34,10.29,22.6,78.18,83.8,886.52,8625,1,0
2023-10-01,midwest,Midwest,MW,2023,10,4,351.58,77.91,33.34,14.22,42.02,27.17,117.92,210.8,70.92,66.1,13.99,15.57,67.924,96.1,1041.54,8717,1,1
2023-11-01,midwest,Midwest,MW,2023,11,4,202.8,55.79,31.64,18.4,67.85,47.93,127.49,209.52,79.64,67.72,14.75,23.56,84.22000000000001,96.9,947.09,8681,1,0
2023-12-01,midwest,Midwest,MW,2023,12,4,183.89,80.93,39.75,13.19,36.72,27.62,85.82,209.99,76.41,47.68,11.19,15.7,83.96000000000001,94.5,828.89,6260,0,0
2021-01-01,southwest,Southwest,SW,2021,1,1,171.52,35.33,32.62,15.38,64.46,29.69,62.36,217.6,62.27,38.2,10.06,15.36,71.6208,95.3,754.85,4392,0,0
2021-02-01,southwest,Southwest,SW,2021,2,1,144.82,69.86,25.12,12.44,35.55,31.02,89.89,173.35,66.0,48.58,6.98,14.09,81.35040000000001,92.0,717.7,4783,0,1
2021-03-01,southwest,Southwest,SW,2021,3,1,189.3,30.84,41.18,8.41,36.63,38.96,58.84,181.3,47.34,27.92,9.79,20.97,47.5424,95.1,691.48,4439,0,0
2021-04-01,southwest,Southwest,SW,2021,4,2,154.54,36.06,24.43,11.03,40.85,26.95,86.92,152.3,47.9,35.45,16.37,13.04,63.83520000000001,101.6,645.84,4196,0,0
2021-05-01,southwest,Southwest,SW,2021,5,2,116.99,47.02,30.79,13.34,32.86,21.7,69.41,119.87,46.82,28.05,11.54,14.11,74.1088,104.3,552.5,4344,0,1
2021-06-01,southwest,Southwest,SW,2021,6,2,109.9,30.48,27.34,8.39,35.55,30.33,68.01,84.6,63.43,31.19,7.92,15.59,67.736,105.7,512.73,3774,0,0
2021-07-01,southwest,Southwest,SW,2021,7,3,93.93,47.71,22.38,6.93,48.05,25.12,48.91,136.74,63.91,39.65,10.97,18.18,47.988800000000005,94.5,562.48,3961,0,0
2021-08-01,southwest,Southwest,SW,2021,8,3,119.8,36.03,36.51,6.66,24.66,23.05,47.59,238.35,51.15,30.66,8.51,11.26,53.4,97.4,634.23,3836,0,0
2021-09-01,southwest,Southwest,SW,2021,9,3,204.23,44.41,21.15,14.19,78.03,21.72,112.87,140.02,65.37,33.41,6.6,17.03,41.172799999999995,95.1,759.03,5739,1,0
2021-10-01,southwest,Southwest,SW,2021,10,4,238.27,38.17,38.04,12.68,54.3,29.36,82.08,203.54,56.32,32.5,8.86,13.44,42.2928,106.1,807.56,5544,1,1
2021-11-01,southwest,Southwest,SW,2021,11,4,187.64,47.88,38.82,10.69,62.13,31.22,76.78,206.97,72.52,49.87,9.29,30.21,97.31040000000002,104.9,824.02,5828,1,0
2021-12-01,southwest,Southwest,SW,2021,12,4,112.57,39.54,37.81,15.55,39.62,38.62,77.38,166.25,66.54,22.52,8.68,13.28,61.96,105.7,638.36,4630,0,0
2022-01-01,southwest,Southwest,SW,2022,1,1,173.11,41.05,28.85,10.4,32.47,40.03,46.52,195.11,60.18,35.35,10.84,12.72,131.8912,99.7,686.63,4732,0,0
2022-02-01,southwest,Southwest,SW,2022,2,1,119.85,82.52,26.64,13.11,35.02,23.44,60.06,200.46,46.03,36.03,8.42,24.76,70.5904,101.1,676.34,4639,0,1
2022-03-01,southwest,Southwest,SW,2022,3,1,152.43,48.5,27.64,11.09,41.68,37.38,91.07,124.22,39.78,35.46,14.31,16.35,72.1952,101.9,639.91,5011,0,0
2022-04-01,southwest,Southwest,SW,2022,4,2,190.62,41.11,34.87,12.12,45.2,25.32,48.91,169.66,46.95,30.73,7.19,25.42,71.49600000000001,90.3,678.1,4563,0,0
2022-05-01,southwest,Southwest,SW,2022,5,2,117.67,84.64,30.86,12.01,41.19,24.65,54.41,196.23,58.23,34.41,8.64,20.48,83.4224,92.2,683.42,4924,0,1
2022-06-01,southwest,Southwest,SW,2022,6,2,97.89,51.68,25.79,9.58,30.59,25.33,67.51,142.9,68.73,32.95,11.51,20.23,65.55199999999999,89.7,584.69,4156,0,0
2022-07-01,southwest,Southwest,SW,2022,7,3,159.24,27.75,32.04,10.03,40.08,24.1,60.38,153.95,49.95,28.5,8.65,13.74,32.9456,87.1,608.41,4320,0,0
2022-08-01,southwest,Southwest,SW,2022,8,3,106.68,40.17,44.51,13.56,28.56,25.09,69.01,216.7,61.74,30.94,11.47,11.22,61.5216,86.3,659.65,4174,0,0
2022-09-01,southwest,Southwest,SW,2022,9,3,216.24,48.99,29.34,11.36,78.01,27.72,87.03,228.03,50.68,74.23,8.72,10.4,37.9696,84.8,870.75,6235,1,0
2022-10-01,southwest,Southwest,SW,2022,10,4,210.59,42.15,28.33,8.24,41.56,27.58,64.73,205.58,81.32,44.6,11.74,17.45,35.5584,91.2,783.87,6357,1,1
2022-11-01,southwest,Southwest,SW,2022,11,4,162.98,49.18,37.46,7.56,47.27,24.09,45.37,226.41,94.79,40.84,10.97,10.98,58.168000000000006,91.1,757.9,6045,1,0
2022-12-01,southwest,Southwest,SW,2022,12,4,186.35,62.8,29.38,7.96,37.64,28.99,86.66,112.78,51.49,47.06,10.67,20.83,64.5808,91.4,682.61,4760,0,0
2023-01-01,southwest,Southwest,SW,2023,1,1,110.91,49.29,26.0,10.12,78.11,24.56,84.0,169.11,53.62,26.72,8.17,12.13,39.096,81.9,652.74,5249,0,0
2023-02-01,southwest,Southwest,SW,2023,2,1,133.37,52.91,19.82,6.71,45.32,50.19,53.83,134.53,44.25,36.97,13.69,17.09,35.584,83.4,608.68,4946,0,1
2023-03-01,southwest,Southwest,SW,2023,3,1,139.57,41.02,28.8,12.56,58.34,45.39,66.44,167.78,50.7,33.64,7.24,14.45,50.504,84.7,665.93,5212,0,0
2023-04-01,southwest,Southwest,SW,2023,4,2,112.51,60.76,20.58,14.97,29.48,23.97,78.19,181.32,75.84,24.16,7.94,18.3,61.11520000000001,85.5,648.02,5287,0,0
2023-05-01,southwest,Southwest,SW,2023,5,2,104.88,69.66,34.78,10.62,31.89,21.47,49.51,178.07,75.61,35.57,10.74,10.51,54.872,86.0,633.31,4765,0,1
2023-06-01,southwest,Southwest,SW,2023,6,2,167.07,44.18,18.06,7.17,27.13,30.93,50.34,150.11,79.94,45.22,8.57,13.56,51.424,84.4,642.28,4371,0,0
2023-07-01,southwest,Southwest,SW,2023,7,3,237.54,61.14,26.72,12.95,42.84,18.07,80.99,211.54,63.7,29.0,8.2,12.52,43.24,96.3,805.21,4348,0,0
2023-08-01,southwest,Southwest,SW,2023,8,3,143.08,35.76,20.42,13.31,34.71,22.46,49.5,134.01,53.99,27.88,8.19,16.31,51.419200000000004,91.8,559.62,4463,0,0
2023-09-01,southwest,Southwest,SW,2023,9,3,138.25,61.95,30.32,8.45,44.69,22.98,79.13,173.05,56.06,31.88,8.49,18.96,67.224,93.0,674.21,6124,1,0
2023-10-01,southwest,Southwest,SW,2023,10,4,299.8,41.57,27.27,12.89,53.69,29.96,67.79,200.75,68.55,29.09,9.28,14.16,57.1104,84.3,854.8,6803,1,1
2023-11-01,southwest,Southwest,SW,2023,11,4,148.25,62.36,51.44,11.24,37.98,30.54,86.71,221.48,66.94,37.67,10.36,16.06,58.7808,88.2,781.03,6689,1,0
2023-12-01,southwest,Southwest,SW,2023,12,4,110.92,37.56,26.26,9.58,29.33,29.63,67.45,183.71,65.28,25.37,7.73,12.27,78.5312,86.4,605.09,5078,0,0
2021-01-01,mountain,Mountain,MT,2021,1,1,59.32,16.74,20.71,5.69,16.19,9.67,40.21,74.34,44.83,19.52,5.23,14.05,37.8784,102.6,326.5,2324,0,0
2021-02-01,mountain,Mountain,MT,2021,2,1,59.55,35.36,12.52,3.59,20.15,18.32,37.59,64.5,39.21,13.95,4.3,7.01,24.5368,104.2,316.05,2416,0,1
2021-03-01,mountain,Mountain,MT,2021,3,1,65.39,18.61,13.86,4.27,28.38,14.4,48.64,75.98,30.58,14.63,5.94,4.22,28.5896,105.7,324.9,2375,0,0
2021-04-01,mountain,Mountain,MT,2021,4,2,79.77,18.77,20.76,5.48,18.07,14.13,26.5,72.75,26.48,12.28,4.35,9.01,58.5904,116.7,308.35,2117,0,0
2021-05-01,mountain,Mountain,MT,2021,5,2,90.69,33.74,11.04,4.83,22.71,8.73,27.54,83.28,41.61,19.25,5.9,8.78,38.6168,113.1,358.1,2184,0,1
2021-06-01,mountain,Mountain,MT,2021,6,2,65.86,18.47,10.99,3.74,11.92,14.27,29.56,82.75,33.26,13.56,5.11,6.47,26.6664,113.3,295.96,1643,0,0
2021-07-01,mountain,Mountain,MT,2021,7,3,49.05,20.78,21.13,5.81,14.62,18.46,34.49,71.43,28.64,18.61,6.36,7.42,27.182399999999998,113.6,296.8,1795,0,0
2021-08-01,mountain,Mountain,MT,2021,8,3,32.6,21.67,15.84,4.87,19.64,15.27,25.06,83.52,29.67,12.98,3.63,9.14,24.8968,115.8,273.89,1823,0,0
2021-09-01,mountain,Mountain,MT,2021,9,3,76.68,32.95,14.71,5.68,21.29,12.47,42.56,93.57,48.76,17.08,4.12,8.91,40.0568,113.7,378.78,3274,1,0
2021-10-01,mountain,Mountain,MT,2021,10,4,124.05,26.81,13.14,5.14,24.39,18.37,66.63,118.42,34.91,19.96,8.93,12.11,37.433600000000006,103.0,472.86,3122,1,1
2021-11-01,mountain,Mountain,MT,2021,11,4,79.46,16.76,12.94,5.41,26.46,23.86,46.34,89.95,33.02,26.87,3.67,6.72,24.688000000000002,103.0,371.46,3456,1,0
2021-12-01,mountain,Mountain,MT,2021,12,4,58.53,29.67,10.35,5.89,13.84,16.0,37.22,74.0,41.77,16.02,4.79,5.74,28.3256,104.7,313.82,2484,0,0
2022-01-01,mountain,Mountain,MT,2022,1,1,61.56,23.44,23.01,4.38,14.03,17.24,39.21,96.52,34.62,19.11,3.08,7.37,39.4368,100.1,343.57,2631,0,0
2022-02-01,mountain,Mountain,MT,2022,2,1,63.18,29.61,9.45,5.18,25.04,15.05,32.96,81.7,29.96,14.38,4.44,5.7,62.676,101.3,316.65,2691,0,1
2022-03-01,mountain,Mountain,MT,2022,3,1,83.15,21.66,15.15,4.7,29.14,18.06,31.19,85.97,38.93,12.71,4.49,7.28,29.948800000000002,101.1,352.43,2732,0,0
2022-04-01,mountain,Mountain,MT,2022,4,2,126.81,27.31,12.57,4.96,17.93,12.6,22.72,103.12,42.55,11.26,5.14,9.3,30.8864,91.7,396.27,2438,0,0
2022-05-01,mountain,Mountain,MT,2022,5,2,56.52,27.38,14.92,8.37,23.99,13.25,24.83,82.42,31.47,23.54,5.02,8.17,27.834400000000002,90.1,319.88,2466,0,1
2022-06-01,mountain,Mountain,MT,2022,6,2,45.73,24.81,14.3,5.49,23.18,19.42,27.98,63.98,22.6,11.78,5.68,9.08,25.0216,88.8,274.03,1866,0,0
2022-07-01,mountain,Mountain,MT,2022,7,3,66.19,19.62,14.16,9.52,21.63,13.43,26.7,77.1,26.45,13.12,5.57,7.44,31.8248,90.5,300.93,1951,0,0
2022-08-01,mountain,Mountain,MT,2022,8,3,89.84,31.11,13.47,5.68,14.01,12.4,51.47,85.92,25.49,11.06,4.18,6.78,65.6984,88.1,351.41,1940,0,0
2022-09-01,mountain,Mountain,MT,2022,9,3,111.5,18.08,16.16,4.67,19.63,12.52,40.54,88.96,47.41,15.27,4.68,6.88,23.6944,90.8,386.3,3631,1,0
2022-10-01,mountain,Mountain,MT,2022,10,4,221.33,14.87,15.59,5.5,23.59,11.35,41.36,82.15,28.48,17.63,3.85,9.2,29.4816,85.7,474.9,3868,1,1
2022-11-01,mountain,Mountain,MT,2022,11,4,126.07,25.1,14.05,4.87,21.82,20.39,59.88,88.33,32.48,17.98,3.38,9.77,29.223200000000002,86.9,424.12,3897,1,0
2022-12-01,mountain,Mountain,MT,2022,12,4,75.5,34.94,17.2,8.87,18.84,8.07,29.5,85.26,38.01,16.91,3.86,8.23,30.5352,86.5,345.19,2578,0,0
2023-01-01,mountain,Mountain,MT,2023,1,1,73.07,27.97,12.62,5.58,23.13,17.23,28.36,55.59,27.37,19.93,4.2,6.38,42.296800000000005,85.9,301.43,2926,0,0
2023-02-01,mountain,Mountain,MT,2023,2,1,96.89,43.65,13.01,6.11,22.22,16.28,48.34,62.46,24.76,13.83,3.99,6.79,43.61600000000001,82.5,358.33,2994,0,1
2023-03-01,mountain,Mountain,MT,2023,3,1,71.22,23.92,12.05,5.58,23.57,16.6,19.98,88.82,25.36,16.94,3.05,7.47,37.3168,84.4,314.56,2718,0,0
2023-04-01,mountain,Mountain,MT,2023,4,2,65.24,29.14,21.56,5.51,20.9,12.95,22.34,106.15,20.76,14.74,4.15,6.65,37.4568,96.0,330.09,2600,0,0
2023-05-01,mountain,Mountain,MT,2023,5,2,64.1,27.01,11.91,7.62,22.39,15.02,29.97,100.07,20.03,14.03,3.61,7.42,26.1008,97.3,323.18,2577,0,1
2023-06-01,mountain,Mountain,MT,2023,6,2,45.85,21.96,18.0,6.04,20.14,16.04,24.66,48.56,30.7,20.21,6.63,7.0,23.6584,96.1,265.79,2034,0,0
2023-07-01,mountain,Mountain,MT,2023,7,3,67.3,20.64,13.78,7.14,19.13,8.58,45.46,56.3,33.55,11.77,5.41,7.48,60.782399999999996,103.1,296.54,2017,0,0
2023-08-01,mountain,Mountain,MT,2023,8,3,56.8,25.83,14.77,6.28,17.68,12.61,34.21,67.44,26.35,9.82,6.31,7.11,30.016,107.6,285.21,1904,0,0
2023-09-01,mountain,Mountain,MT,2023,9,3,90.43,28.31,15.88,4.65,29.7,10.36,50.11,113.52,34.47,18.11,5.58,8.32,28.8104,105.2,409.44,3737,1,0
2023-10-01,mountain,Mountain,MT,2023,10,4,115.5,23.96,12.56,4.6,20.65,21.58,32.96,89.24,37.53,28.22,5.11,10.16,32.6328,100.9,402.07,3783,1,1
2023-11-01,mountain,Mountain,MT,2023,11,4,83.84,33.85,15.08,4.25,22.09,23.54,32.83,73.58,30.36,15.92,3.49,9.59,27.6232,101.0,348.42,3981,1,0
2023-12-01,mountain,Mountain,MT,2023,12,4,93.9,24.54,15.58,6.98,16.6,10.54,43.28,80.15,24.39,16.71,5.55,8.17,26.628000000000004,99.1,346.39,2674,0,0
2021-01-01,pacific,Pacific,PC,2021,1,1,153.55,40.39,24.59,10.9,47.51,26.23,68.93,179.93,90.06,49.16,8.16,14.55,51.688,90.5,713.96,5884,0,0
2021-02-01,pacific,Pacific,PC,2021,2,1,204.55,99.82,31.77,10.41,62.85,22.09,75.19,153.63,130.73,32.17,5.6,16.89,44.3104,91.9,845.7,6409,0,1
2021-03-01,pacific,Pacific,PC,2021,3,1,158.13,42.61,29.44,6.07,29.97,37.46,70.07,205.1,64.94,26.04,8.87,11.72,39.3344,88.8,690.42,6331,0,0
2021-04-01,pacific,Pacific,PC,2021,4,2,215.52,36.17,22.8,9.87,28.35,25.58,56.73,145.96,64.94,34.1,13.06,16.64,59.324799999999996,95.7,669.72,5712,0,0
2021-05-01,pacific,Pacific,PC,2021,5,2,104.37,68.51,34.81,13.77,37.77,23.12,96.15,177.89,60.02,22.91,11.3,11.47,118.96000000000001,95.8,662.09,6123,0,1
2021-06-01,pacific,Pacific,PC,2021,6,2,169.69,34.88,32.22,11.18,38.14,42.2,88.22,160.17,60.19,39.98,10.47,14.36,50.28640000000001,94.5,701.7,5529,0,0
2021-07-01,pacific,Pacific,PC,2021,7,3,137.76,35.07,26.46,12.21,29.74,23.61,40.64,122.14,53.83,43.84,8.08,11.91,55.0704,105.4,545.29,5281,0,0
2021-08-01,pacific,Pacific,PC,2021,8,3,118.26,40.96,32.25,12.07,34.48,22.82,44.55,163.29,55.4,28.63,9.64,17.66,42.872,105.3,580.01,5631,0,0
2021-09-01,pacific,Pacific,PC,2021,9,3,166.04,36.89,23.83,7.89,35.44,23.71,65.93,184.98,66.32,33.03,7.12,15.9,49.0176,105.7,667.08,7608,1,0
2021-10-01,pacific,Pacific,PC,2021,10,4,339.04,28.03,38.29,11.65,45.87,33.67,100.2,242.29,60.11,44.4,6.06,15.97,40.4688,104.5,965.58,7485,1,1
2021-11-01,pacific,Pacific,PC,2021,11,4,307.39,68.88,54.24,11.42,36.08,37.63,84.45,164.87,81.63,37.07,8.3,17.78,74.2496,103.8,909.74,7682,1,0
2021-12-01,pacific,Pacific,PC,2021,12,4,122.03,60.41,37.49,10.74,46.05,21.58,57.47,165.44,44.79,31.21,9.84,17.54,43.2896,105.2,624.59,6913,0,0
2022-01-01,pacific,Pacific,PC,2022,1,1,123.29,40.86,24.16,9.99,64.53,29.98,58.05,137.82,60.52,28.39,9.82,14.17,55.0224,111.0,601.58,6569,0,0
2022-02-01,pacific,Pacific,PC,2022,2,1,180.82,87.44,39.98,9.42,26.16,36.28,107.06,169.48,76.91,34.46,7.88,22.26,75.544,108.6,798.15,6821,0,1
2022-03-01,pacific,Pacific,PC,2022,3,1,137.51,29.26,41.35,8.74,50.79,29.77,64.26,120.78,70.49,32.7,10.27,20.22,56.312,111.3,616.14,6715,0,0
2022-04-01,pacific,Pacific,PC,2022,4,2,124.0,29.94,45.88,14.33,37.51,25.2,68.76,218.95,79.96,44.54,12.17,12.25,53.913599999999995,100.3,713.49,6113,0,0
2022-05-01,pacific,Pacific,PC,2022,5,2,118.47,78.5,26.15,13.17,43.02,20.18,63.66,148.84,62.17,25.94,8.36,11.99,58.68,99.8,620.45,6139,0,1
2022-06-01,pacific,Pacific,PC,2022,6,2,99.78,61.63,22.11,8.66,31.14,33.62,58.77,169.1,80.21,36.0,6.71,11.67,64.7488,99.9,619.4,5631,0,0
2022-07-01,pacific,Pacific,PC,2022,7,3,89.95,62.45,25.35,10.93,30.32,20.12,53.08,129.57,47.28,35.59,11.36,16.75,38.2304,103.3,532.75,5558,0,0
2022-08-01,pacific,Pacific,PC,2022,8,3,120.4,40.85,31.18,9.12,48.4,28.09,54.8,144.01,63.84,29.2,7.92,11.86,57.6672,105.3,589.67,5599,0,0
2022-09-01,pacific,Pacific,PC,2022,9,3,220.15,58.29,29.75,13.59,55.47,24.74,64.07,204.74,90.06,43.75,8.21,13.93,56.3952,104.7,826.75,8184,1,0
2022-10-01,pacific,Pacific,PC,2022,10,4,220.88,66.6,32.98,10.12,58.37,28.67,88.13,169.08,71.04,34.74,7.21,24.06,58.583999999999996,100.4,811.88,8267,1,1
2022-11-01,pacific,Pacific,PC,2022,11,4,144.3,34.24,26.3,9.37,51.48,35.41,78.32,193.99,57.43,36.54,7.77,21.44,33.166399999999996,99.8,696.59,7719,1,0
2022-12-01,pacific,Pacific,PC,2022,12,4,131.34,38.9,29.24,11.53,51.65,25.18,69.78,127.73,70.3,28.32,14.03,18.02,42.056000000000004,99.2,616.02,6471,0,0
2023-01-01,pacific,Pacific,PC,2023,1,1,225.34,44.74,42.38,12.31,79.03,42.87,64.92,165.61,51.32,44.05,9.29,15.76,56.32640000000001,108.3,797.62,7208,0,0
2023-02-01,pacific,Pacific,PC,2023,2,1,158.02,48.43,30.23,9.55,37.65,25.16,101.07,150.08,73.14,33.7,10.66,13.33,53.22560000000001,107.4,691.02,7056,0,1
2023-03-01,pacific,Pacific,PC,2023,3,1,161.76,43.62,28.59,17.06,50.16,43.44,79.5,141.76,60.08,27.74,8.39,11.31,105.0496,109.4,673.41,6479,0,0
2023-04-01,pacific,Pacific,PC,2023,4,2,164.52,37.21,38.6,13.38,44.64,43.25,45.19,170.66,68.25,35.42,7.63,20.37,58.456,106.3,689.12,6532,0,0
2023-05-01,pacific,Pacific,PC,2023,5,2,136.33,71.82,29.15,10.83,47.41,22.0,80.93,201.37,64.02,39.57,6.86,8.68,69.8736,107.9,718.97,6118,0,1
2023-06-01,pacific,Pacific,PC,2023,6,2,123.45,40.9,27.85,8.39,31.52,49.54,66.65,204.27,52.45,23.66,7.18,10.7,68.9824,111.3,646.56,5956,0,0
2023-07-01,pacific,Pacific,PC,2023,7,3,139.65,45.42,28.11,14.84,40.67,25.61,55.44,130.52,63.65,31.99,13.63,11.79,102.3344,103.7,601.32,5971,0,0
2023-08-01,pacific,Pacific,PC,2023,8,3,91.46,45.32,22.84,12.49,33.97,22.96,57.35,170.61,70.58,29.25,7.22,12.67,53.8144,106.0,576.72,5809,0,0
2023-09-01,pacific,Pacific,PC,2023,9,3,158.41,42.5,33.56,11.13,52.5,22.87,60.56,266.69,102.3,32.74,8.03,18.08,58.74720000000001,105.8,809.37,8206,1,0
2023-10-01,pacific,Pacific,PC,2023,10,4,392.91,43.66,17.25,19.42,49.94,16.7,57.32,145.4,85.87,31.29,10.69,19.08,59.955200000000005,113.8,889.53,8230,1,1
2023-11-01,pacific,Pacific,PC,2023,11,4,204.45,48.84,25.69,13.37,47.63,26.85,87.07,151.71,99.89,31.5,8.75,21.15,69.96000000000001,116.4,766.9,8479,1,0
2023-12-01,pacific,Pacific,PC,2023,12,4,115.38,33.39,15.07,12.4,41.82,22.78,85.95,131.39,71.3,33.82,6.58,11.76,51.2624,117.0,581.64,6700,0,0
