date,territory,territory_label,territory_abbr,year,month,quarter,week,rep_visits,medical_congress,journal_advertising,hcp_email,hcp_digital,speaker_programs,samples_coupons,dtc_tv,dtc_digital,dtc_ooh,patient_email,patient_advocacy,competitor_spend,price_index,total_spend,scripts_written,vaccine_season,congress_week
2022-01-03,northeast,Northeast,NE,2022,1,1,,45.51,12.49,12.34,3.66,16.97,14.83,26.35,50.62,19.94,17.96,2.02,5.72,17.2238,89.2,228.41,2177,0,0
2022-01-10,northeast,Northeast,NE,2022,1,1,,47.29,14.63,8.23,3.41,12.31,5.23,17.06,66.26,19.83,10.81,2.85,4.38,17.2062,90.0,212.29,2021,0,0
2022-01-17,northeast,Northeast,NE,2022,1,1,,59.14,14.79,9.0,4.73,13.83,7.08,19.18,52.61,21.26,12.0,3.57,4.0,21.0474,91.5,221.19,1994,0,0
2022-01-24,northeast,Northeast,NE,2022,1,1,,27.97,14.22,8.21,4.33,11.89,7.56,20.73,52.7,16.68,9.72,2.23,5.12,18.8166,89.9,181.36,2221,0,0
2022-01-31,northeast,Northeast,NE,2022,1,1,,34.65,13.63,7.76,2.65,18.27,8.16,20.57,56.43,20.4,8.55,2.53,4.72,13.8842,90.9,198.32,2357,0,0
2022-02-07,northeast,Northeast,NE,2022,2,1,,63.38,29.32,10.26,2.78,11.99,5.02,18.87,47.87,22.09,10.25,2.23,4.88,16.4934,89.7,228.94,2419,0,1
2022-02-14,northeast,Northeast,NE,2022,2,1,,37.98,20.16,10.54,2.54,16.89,10.6,26.84,48.89,30.76,10.26,2.56,4.16,20.0882,90.9,222.18,2256,0,1
2022-02-21,northeast,Northeast,NE,2022,2,1,,41.31,24.09,7.75,2.8,8.73,11.07,16.52,55.54,18.44,7.83,2.29,3.98,19.491999999999997,90.3,200.35,2310,0,1
2022-02-28,northeast,Northeast,NE,2022,2,1,,38.96,20.55,8.42,5.72,14.02,7.27,19.58,43.61,24.94,12.92,3.19,3.78,18.546,89.4,202.96,2545,0,1
2022-03-07,northeast,Northeast,NE,2022,3,1,,61.82,13.79,10.97,3.13,9.49,8.87,23.2,55.56,15.74,6.89,3.36,4.34,21.2124,90.4,217.16,2313,0,0
2022-03-14,northeast,Northeast,NE,2022,3,1,,60.78,20.24,9.33,3.18,9.85,10.58,22.68,63.21,22.2,10.0,2.57,4.31,16.3724,89.2,238.93,2443,0,0
2022-03-21,northeast,Northeast,NE,2022,3,1,,41.9,13.15,13.11,3.74,13.96,14.33,25.67,46.94,23.22,11.77,2.33,6.81,18.240199999999998,87.9,216.93,2634,0,0
2022-03-28,northeast,Northeast,NE,2022,3,1,,41.24,11.13,6.3,2.8,12.55,9.44,22.05,55.11,15.2,11.92,2.45,4.29,8.9606,90.0,194.48,2535,0,0
2022-04-04,northeast,Northeast,NE,2022,4,2,,34.71,11.8,9.35,3.81,13.94,7.45,21.68,56.55,15.13,9.5,2.19,5.11,16.0864,98.1,191.22,2354,0,0
2022-04-11,northeast,Northeast,NE,2022,4,2,,46.9,13.39,12.72,3.09,14.66,7.3,18.92,31.79,16.85,11.44,2.84,4.2,20.5062,100.9,184.1,2325,0,0
2022-04-18,northeast,Northeast,NE,2022,4,2,,40.55,15.77,7.76,2.57,12.71,5.99,20.45,51.14,21.21,9.25,2.53,5.09,16.2778,99.9,195.02,2254,0,0
2022-04-25,northeast,Northeast,NE,2022,4,2,,44.7,14.04,8.55,2.24,9.49,12.62,20.58,51.75,13.69,12.02,3.52,3.8,16.0336,102.1,197.0,2269,0,0
2022-05-02,northeast,Northeast,NE,2022,5,2,,43.31,18.11,9.32,3.58,24.91,8.27,15.29,54.39,17.11,12.15,3.22,5.53,14.291199999999998,99.5,215.19,2189,0,1
2022-05-09,northeast,Northeast,NE,2022,5,2,,66.53,20.75,7.35,4.34,14.98,7.07,22.42,49.25,19.29,9.4,2.23,3.93,21.5116,100.0,227.54,2295,0,1
2022-05-16,northeast,Northeast,NE,2022,5,2,,28.41,17.49,10.59,3.69,16.04,8.86,19.52,50.34,15.5,10.46,2.01,4.04,19.6394,97.8,186.95,2276,0,1
2022-05-23,northeast,Northeast,NE,2022,5,2,,32.91,14.63,7.27,2.91,14.64,6.52,21.72,48.39,17.62,6.76,2.44,4.75,20.7592,98.3,180.56,2168,0,1
2022-05-30,northeast,Northeast,NE,2022,5,2,,36.47,18.13,7.03,2.73,8.93,9.69,17.14,44.91,14.75,7.84,3.95,4.57,12.4608,97.5,176.14,2276,0,1
2022-06-06,northeast,Northeast,NE,2022,6,2,,27.88,8.97,12.07,2.96,6.91,6.68,16.51,46.64,21.71,9.7,2.64,3.89,17.0434,101.6,166.56,1814,0,0
2022-06-13,northeast,Northeast,NE,2022,6,2,,28.4,12.85,10.13,2.86,9.58,11.8,20.27,64.19,19.84,15.14,3.16,3.77,16.6408,99.3,201.99,2010,0,0
2022-06-20,northeast,Northeast,NE,2022,6,2,,33.22,11.12,8.25,3.58,14.01,9.89,18.24,51.75,17.51,10.71,2.09,3.82,16.6386,102.0,184.19,1887,0,0
2022-06-27,northeast,Northeast,NE,2022,6,2,,32.77,13.96,10.56,3.87,11.15,10.24,18.27,42.56,15.35,7.9,1.96,5.07,15.5606,96.0,173.66,2063,0,0
2022-07-04,northeast,Northeast,NE,2022,7,3,,32.59,20.98,12.25,2.8,11.63,6.41,19.68,53.17,19.69,8.36,1.89,3.99,16.423000000000002,112.3,193.44,1881,0,0
2022-07-11,northeast,Northeast,NE,2022,7,3,,41.04,11.81,7.81,4.33,9.85,7.24,19.35,42.8,19.67,8.54,2.08,4.12,20.8604,109.9,178.64,1921,0,0
2022-07-18,northeast,Northeast,NE,2022,7,3,,44.82,16.17,10.43,3.49,13.73,8.48,14.85,47.5,12.59,11.47,2.17,5.26,12.0054,110.5,190.96,1806,0,0
2022-07-25,northeast,Northeast,NE,2022,7,3,,32.1,13.44,7.41,4.25,9.88,6.4,19.22,45.49,15.33,8.82,2.46,4.06,25.113000000000003,108.4,168.86,1928,0,0
2022-08-01,northeast,Northeast,NE,2022,8,3,,41.01,19.52,8.05,4.54,11.39,7.32,21.44,50.07,18.08,6.88,2.22,4.3,19.3886,110.8,194.82,1849,0,0
2022-08-08,northeast,Northeast,NE,2022,8,3,,31.52,12.59,9.17,3.0,11.28,8.96,14.62,54.46,14.93,7.35,3.58,3.97,17.4526,109.4,175.43,1954,0,0
2022-08-15,northeast,Northeast,NE,2022,8,3,,30.63,10.21,8.9,4.2,10.05,8.84,23.16,37.12,15.0,7.37,2.87,3.34,21.1002,108.2,161.69,1831,0,0
2022-08-22,northeast,Northeast,NE,2022,8,3,,36.16,14.14,11.86,3.17,13.47,9.64,28.0,43.58,17.69,9.05,2.2,3.85,13.164800000000001,108.2,192.81,1896,0,0
2022-08-29,northeast,Northeast,NE,2022,8,3,,24.48,12.42,5.64,3.47,11.86,6.79,16.02,56.16,13.38,9.05,3.32,3.61,15.408800000000001,108.2,166.2,1814,0,0
2022-09-05,northeast,Northeast,NE,2022,9,3,,34.07,9.68,8.96,3.35,13.71,8.32,16.22,88.25,26.09,11.72,2.42,4.08,17.1798,110.6,226.87,2647,1,0
2022-09-12,northeast,Northeast,NE,2022,9,3,,63.59,14.12,12.37,3.91,13.9,7.16,31.25,51.28,29.58,9.73,2.35,4.52,23.1264,109.0,243.76,2777,1,0
2022-09-19,northeast,Northeast,NE,2022,9,3,,57.44,13.3,9.52,3.48,15.56,9.71,23.53,70.3,16.66,22.82,1.98,4.88,17.4372,107.5,249.18,2680,1,0
2022-09-26,northeast,Northeast,NE,2022,9,3,,88.77,16.77,10.93,3.14,23.93,8.17,23.35,81.04,41.66,13.68,3.07,4.23,32.2234,110.6,318.74,2682,1,0
2022-10-03,northeast,Northeast,NE,2022,10,4,,66.97,11.32,8.07,3.3,21.5,7.14,35.01,44.39,19.63,14.6,2.25,4.89,15.642,96.7,239.07,2589,1,1
2022-10-10,northeast,Northeast,NE,2022,10,4,,82.3,12.44,7.78,4.43,13.21,6.54,22.79,51.92,21.22,10.55,2.09,6.38,19.399600000000003,102.0,241.65,2823,1,1
2022-10-17,northeast,Northeast,NE,2022,10,4,,74.96,15.35,5.72,4.02,11.38,10.91,24.82,64.01,21.85,10.81,3.02,4.96,24.6158,103.0,251.81,2933,1,1
2022-10-24,northeast,Northeast,NE,2022,10,4,,90.14,13.44,8.73,3.6,9.35,12.51,24.28,64.55,27.32,10.98,4.15,4.98,21.4764,98.0,274.03,2882,1,1
2022-10-31,northeast,Northeast,NE,2022,10,4,,102.83,15.77,8.67,3.49,11.39,7.16,29.86,74.55,25.1,12.18,2.78,4.25,17.3162,101.6,298.03,3053,1,1
2022-11-07,northeast,Northeast,NE,2022,11,4,,39.8,12.08,7.89,4.29,14.54,7.66,24.98,66.62,16.83,13.28,3.06,4.25,20.1454,100.5,215.28,2944,1,0
2022-11-14,northeast,Northeast,NE,2022,11,4,,50.44,15.17,10.6,2.54,18.68,10.59,14.64,64.72,17.38,13.04,2.32,4.78,19.756,99.2,224.9,3105,1,0
2022-11-21,northeast,Northeast,NE,2022,11,4,,65.11,13.89,11.66,3.56,19.32,12.9,27.75,48.34,18.92,9.91,1.79,4.39,19.4766,99.3,237.54,2936,1,0
2022-11-28,northeast,Northeast,NE,2022,11,4,,57.17,14.37,12.7,2.83,14.61,12.61,19.13,57.6,22.41,9.4,2.85,5.12,21.982400000000002,101.0,230.8,2839,1,0
2022-12-05,northeast,Northeast,NE,2022,12,4,,44.26,12.84,9.19,3.71,10.55,5.91,22.31,36.16,18.3,18.23,2.97,3.91,21.9516,99.9,188.34,2365,0,0
2022-12-12,northeast,Northeast,NE,2022,12,4,,34.17,16.05,7.7,3.72,10.91,6.57,26.06,43.08,21.59,10.12,2.98,3.77,26.9412,96.1,186.72,2321,0,0
2022-12-19,northeast,Northeast,NE,2022,12,4,,41.43,13.3,7.33,2.81,11.74,8.94,18.75,36.46,17.1,10.03,2.03,4.56,20.0112,103.1,174.48,2397,0,0
2022-12-26,northeast,Northeast,NE,2022,12,4,,36.08,12.16,10.57,2.56,17.98,6.02,26.08,58.51,18.81,7.86,2.73,3.79,26.2812,100.6,203.15,2256,0,0
2023-01-02,northeast,Northeast,NE,2023,1,1,,36.17,11.92,11.63,2.6,14.08,8.94,20.5,46.39,20.49,9.5,2.15,5.5,14.632200000000001,94.9,189.87,2493,0,0
2023-01-09,northeast,Northeast,NE,2023,1,1,,40.75,16.83,7.83,2.84,13.53,6.02,14.2,50.05,24.56,9.92,2.35,4.15,16.676,93.9,193.03,2421,0,0
2023-01-16,northeast,Northeast,NE,2023,1,1,,31.15,10.24,5.61,4.01,9.76,10.38,13.65,52.91,20.72,9.73,2.77,4.94,17.3338,94.7,175.87,2355,0,0
2023-01-23,northeast,Northeast,NE,2023,1,1,,44.28,11.74,9.3,3.57,14.69,7.35,22.12,42.77,20.0,6.54,2.64,4.09,12.623600000000001,96.9,189.09,2466,0,0
2023-01-30,northeast,Northeast,NE,2023,1,1,,38.96,14.35,10.28,2.95,14.96,8.37,19.22,43.01,17.87,12.59,2.34,4.71,20.9044,95.4,189.61,2320,0,0
2023-02-06,northeast,Northeast,NE,2023,2,1,,41.71,14.98,7.82,3.09,11.6,7.29,17.41,66.2,23.71,9.14,2.18,5.58,10.12,95.6,210.71,2404,0,1
2023-02-13,northeast,Northeast,NE,2023,2,1,,52.49,22.08,7.9,2.23,11.05,7.82,18.06,50.53,18.61,8.39,2.61,4.8,50.6506,93.1,206.57,2317,0,1
2023-02-20,northeast,Northeast,NE,2023,2,1,,40.22,22.13,9.12,3.8,12.55,5.89,18.82,56.91,22.18,9.91,2.65,5.83,23.7666,94.5,210.01,2378,0,1
2023-02-27,northeast,Northeast,NE,2023,2,1,,53.88,22.11,8.83,4.21,9.55,5.45,18.56,45.54,18.42,10.05,2.05,5.18,16.704600000000003,95.1,203.83,2455,0,1
2023-03-06,northeast,Northeast,NE,2023,3,1,,36.95,8.86,6.51,3.0,14.95,10.89,24.64,76.14,17.9,9.49,3.14,4.4,17.633000000000003,96.0,216.87,2438,0,0
2023-03-13,northeast,Northeast,NE,2023,3,1,,46.94,14.47,9.43,3.65,11.86,13.34,21.81,61.24,20.72,9.4,3.72,3.68,18.7,94.4,220.26,2569,0,0
2023-03-20,northeast,Northeast,NE,2023,3,1,,39.06,13.1,7.74,3.26,14.6,8.66,20.56,64.75,19.68,8.76,2.96,4.45,15.6442,96.4,207.58,2495,0,0
2023-03-27,northeast,Northeast,NE,2023,3,1,,47.67,12.23,6.5,4.6,10.87,7.71,24.07,52.53,16.53,8.17,2.46,5.13,18.2908,93.3,198.47,2789,0,0
2023-04-03,northeast,Northeast,NE,2023,4,2,,36.83,15.57,6.6,3.59,14.41,9.1,23.5,50.52,15.58,8.74,3.78,5.06,17.1006,95.1,193.28,2395,0,0
2023-04-10,northeast,Northeast,NE,2023,4,2,,40.37,11.2,10.46,3.8,16.75,9.91,19.98,53.37,15.81,11.22,3.21,4.17,17.2722,94.9,200.25,2224,0,0
2023-04-17,northeast,Northeast,NE,2023,4,2,,36.17,12.96,9.13,3.43,13.19,7.84,24.02,48.83,18.69,6.76,3.26,5.02,18.251199999999997,92.7,189.3,2357,0,0
2023-04-24,northeast,Northeast,NE,2023,4,2,,36.99,12.71,13.75,3.31,9.31,10.88,17.34,49.39,18.55,9.58,3.0,5.64,13.534400000000002,94.9,190.45,2359,0,0
2023-05-01,northeast,Northeast,NE,2023,5,2,,45.69,11.18,9.79,4.02,13.32,6.38,24.05,55.31,17.32,11.0,3.47,3.69,17.7408,94.1,205.22,2312,0,1
2023-05-08,northeast,Northeast,NE,2023,5,2,,43.4,21.32,9.58,3.75,12.16,6.53,17.69,51.45,22.88,10.18,2.72,4.95,34.269400000000005,97.1,206.61,2315,0,1
2023-05-15,northeast,Northeast,NE,2023,5,2,,38.21,13.76,6.18,4.17,14.88,10.51,18.62,46.11,31.48,8.76,2.9,4.46,18.0598,94.4,200.04,2307,0,1
2023-05-22,northeast,Northeast,NE,2023,5,2,,45.91,22.35,8.74,3.38,15.01,6.8,24.03,42.11,21.04,9.82,3.47,3.27,16.8564,95.5,205.93,2383,0,1
2023-05-29,northeast,Northeast,NE,2023,5,2,,30.42,15.29,6.29,3.22,7.92,7.62,17.29,60.52,14.02,13.0,2.28,3.42,22.096799999999998,93.2,181.29,2206,0,1
2023-06-05,northeast,Northeast,NE,2023,6,2,,31.04,13.14,8.0,2.24,8.94,12.79,17.77,49.01,9.31,7.82,1.95,3.45,16.3988,95.4,165.46,2198,0,0
2023-06-12,northeast,Northeast,NE,2023,6,2,,40.43,13.48,8.07,3.11,15.38,8.22,13.91,40.4,18.18,8.35,2.56,3.64,18.4184,94.4,175.73,1952,0,0
2023-06-19,northeast,Northeast,NE,2023,6,2,,50.33,13.27,9.76,2.92,10.91,10.87,17.97,31.99,12.79,7.97,2.71,4.78,22.814,93.8,176.27,2022,0,0
2023-06-26,northeast,Northeast,NE,2023,6,2,,44.57,10.73,8.88,3.52,10.38,13.08,17.0,44.34,16.87,8.85,2.15,4.97,17.322799999999997,99.3,185.34,1976,0,0
2023-07-03,northeast,Northeast,NE,2023,7,3,,36.74,10.15,9.36,3.96,9.41,9.1,18.68,49.82,17.2,9.26,2.39,4.12,18.372200000000003,99.5,180.19,2083,0,0
2023-07-10,northeast,Northeast,NE,2023,7,3,,41.97,13.82,9.85,3.38,8.69,7.94,23.74,60.69,22.29,8.24,2.59,5.57,17.2634,99.7,208.77,2059,0,0
2023-07-17,northeast,Northeast,NE,2023,7,3,,26.55,20.93,9.86,2.83,11.66,7.08,21.11,33.57,19.12,7.72,2.07,4.11,41.58,101.4,166.61,2031,0,0
2023-07-24,northeast,Northeast,NE,2023,7,3,,29.03,23.14,9.67,4.18,15.32,6.91,20.49,47.91,27.02,7.07,3.46,3.99,16.715600000000002,98.8,198.19,2140,0,0
2023-07-31,northeast,Northeast,NE,2023,7,3,,23.65,15.68,9.36,3.3,12.03,7.39,20.33,44.71,16.34,13.41,2.45,4.7,32.837199999999996,100.6,173.35,2074,0,0
2023-08-07,northeast,Northeast,NE,2023,8,3,,38.46,14.37,8.27,3.89,14.99,10.86,25.62,63.3,23.46,10.58,3.98,4.72,17.2392,100.8,222.5,2047,0,0
2023-08-14,northeast,Northeast,NE,2023,8,3,,27.78,14.63,9.36,3.0,13.9,9.55,20.57,39.97,15.02,8.87,2.76,3.69,14.8214,100.4,169.1,2053,0,0
2023-08-21,northeast,Northeast,NE,2023,8,3,,31.59,14.78,11.65,3.17,13.24,9.6,14.07,45.56,18.11,12.79,2.68,4.86,20.160800000000002,103.4,182.1,2179,0,0
2023-08-28,northeast,Northeast,NE,2023,8,3,,46.2,13.91,10.2,3.37,15.14,8.78,17.41,49.81,13.04,10.81,1.67,4.09,16.5594,98.8,194.43,2112,0,0
2023-09-04,northeast,Northeast,NE,2023,9,3,,47.83,13.77,13.18,2.77,13.15,15.8,21.09,52.8,33.17,13.55,2.5,5.12,19.9254,102.3,234.73,2792,1,0
2023-09-11,northeast,Northeast,NE,2023,9,3,,56.58,18.36,9.11,3.8,13.36,7.21,34.89,44.9,16.82,10.03,2.66,4.15,10.197000000000001,100.7,221.87,3004,1,0
2023-09-18,northeast,Northeast,NE,2023,9,3,,39.73,13.58,7.24,4.64,17.96,9.13,21.4,42.76,18.9,11.45,3.2,4.0,17.6176,101.4,193.99,2942,1,0
2023-09-25,northeast,Northeast,NE,2023,9,3,,49.43,15.07,10.2,3.57,19.13,7.2,25.71,80.38,23.42,11.79,2.44,3.54,16.0534,100.5,251.88,2880,1,0
2023-10-02,northeast,Northeast,NE,2023,10,4,,69.83,11.98,8.16,5.18,15.51,8.11,26.95,55.04,24.15,11.1,2.39,4.97,14.229600000000001,97.8,243.37,2970,1,1
2023-10-09,northeast,Northeast,NE,2023,10,4,,73.01,11.15,10.51,4.16,13.06,8.04,24.99,52.78,17.39,7.08,3.41,4.28,15.756400000000001,94.5,229.86,2876,1,1
2023-10-16,northeast,Northeast,NE,2023,10,4,,63.59,13.11,9.46,3.93,19.76,6.17,17.2,59.72,29.6,12.8,2.58,4.58,15.6926,95.7,242.5,2822,1,1
2023-10-23,northeast,Northeast,NE,2023,10,4,,67.33,12.45,8.24,1.68,16.75,6.73,22.85,63.32,26.81,14.12,2.75,4.58,17.4328,97.0,247.61,2975,1,1
2023-10-30,northeast,Northeast,NE,2023,10,4,,97.11,11.26,8.3,5.58,15.08,8.27,20.45,50.28,27.26,10.92,2.32,5.45,13.3892,94.2,262.28,3113,1,1
2023-11-06,northeast,Northeast,NE,2023,11,4,,41.79,13.45,7.15,4.07,9.51,8.26,17.46,58.55,19.44,10.8,2.48,4.48,18.7484,96.5,197.44,3085,1,0
2023-11-13,northeast,Northeast,NE,2023,11,4,,41.83,12.39,6.84,3.04,20.53,10.43,19.19,58.82,18.7,9.22,3.37,4.85,23.1308,95.0,209.21,2974,1,0
2023-11-20,northeast,Northeast,NE,2023,11,4,,54.9,12.49,10.92,2.45,13.64,10.79,22.1,67.14,19.31,14.11,1.96,4.01,18.616400000000002,93.1,233.82,2817,1,0
2023-11-27,northeast,Northeast,NE,2023,11,4,,55.38,12.79,9.95,3.43,13.34,10.34,22.42,54.66,27.31,14.34,2.32,4.83,20.691,92.8,231.11,3214,1,0
2023-12-04,northeast,Northeast,NE,2023,12,4,,49.39,9.11,9.04,2.83,8.99,6.33,16.01,53.83,18.96,16.33,3.2,4.87,21.9076,94.9,198.89,2499,0,0
2023-12-11,northeast,Northeast,NE,2023,12,4,,48.85,18.09,6.56,3.02,28.21,10.52,20.02,63.17,19.1,10.39,2.22,4.72,22.5368,96.5,234.87,2619,0,0
2023-12-18,northeast,Northeast,NE,2023,12,4,,33.71,11.24,11.22,3.15,12.22,9.3,16.87,35.15,17.59,9.19,2.21,3.57,25.5838,91.9,165.42,2593,0,0
2023-12-25,northeast,Northeast,NE,2023,12,4,,34.88,8.68,7.0,2.97,11.26,7.6,20.65,60.57,14.01,9.78,3.27,4.36,15.928,95.3,185.03,2553,0,0
2022-01-03,southeast,Southeast,SE,2022,1,1,,29.24,7.95,7.26,3.13,8.99,7.75,17.65,36.45,22.67,8.82,1.78,3.61,16.2882,90.7,155.3,1601,0,0
2022-01-10,southeast,Southeast,SE,2022,1,1,,41.74,14.01,4.96,3.03,7.43,6.45,17.9,53.67,17.64,9.72,2.1,4.93,12.7422,91.6,183.58,1685,0,0
2022-01-17,southeast,Southeast,SE,2022,1,1,,47.4,8.96,8.1,2.44,13.85,5.92,15.73,55.74,26.06,8.94,2.17,6.12,12.0582,90.4,201.43,1498,0,0
2022-01-24,southeast,Southeast,SE,2022,1,1,,36.69,17.01,6.48,2.84,14.06,5.52,11.84,41.12,15.62,8.75,2.42,4.15,10.278,88.7,166.5,1720,0,0
2022-01-31,southeast,Southeast,SE,2022,1,1,,32.07,11.0,6.06,2.85,14.54,6.05,17.28,30.29,15.0,10.49,1.66,4.26,15.5682,92.7,151.55,1745,0,0
2022-02-07,southeast,Southeast,SE,2022,2,1,,24.52,14.31,8.0,2.22,11.51,4.39,17.33,33.01,16.57,8.44,2.1,2.96,18.543599999999998,89.4,145.36,1729,0,1
2022-02-14,southeast,Southeast,SE,2022,2,1,,38.67,19.67,5.46,3.16,12.47,7.18,20.12,33.64,16.47,7.77,1.93,4.3,16.8174,91.2,170.84,1729,0,1
2022-02-21,southeast,Southeast,SE,2022,2,1,,42.18,16.38,5.39,2.35,7.69,6.35,23.99,36.2,20.39,9.55,1.93,3.55,14.653799999999999,91.6,175.95,1795,0,1
2022-02-28,southeast,Southeast,SE,2022,2,1,,50.49,13.12,7.1,3.12,9.26,5.8,15.7,41.07,24.68,8.05,1.99,4.59,18.392400000000002,90.0,184.97,1833,0,1
2022-03-07,southeast,Southeast,SE,2022,3,1,,29.93,11.86,6.88,2.4,8.95,11.7,19.89,36.08,25.11,8.72,1.65,2.63,25.9812,88.3,165.8,1706,0,0
2022-03-14,southeast,Southeast,SE,2022,3,1,,32.1,12.79,7.01,2.24,12.54,9.74,23.43,39.39,22.07,7.78,2.53,3.19,12.1932,89.0,174.81,1936,0,0
2022-03-21,southeast,Southeast,SE,2022,3,1,,38.05,12.26,11.04,2.65,13.94,10.46,15.54,26.15,19.09,12.82,2.18,4.23,8.8686,91.0,168.41,1876,0,0
2022-03-28,southeast,Southeast,SE,2022,3,1,,36.56,13.03,8.18,2.62,14.68,11.52,24.56,41.09,15.7,7.78,2.18,3.51,15.4206,90.8,181.41,1791,0,0
2022-04-04,southeast,Southeast,SE,2022,4,2,,31.45,11.2,9.45,2.85,12.43,7.06,14.87,43.39,14.09,6.49,2.05,5.06,17.8812,87.0,160.39,1710,0,0
2022-04-11,southeast,Southeast,SE,2022,4,2,,27.41,16.35,7.1,2.87,10.81,6.84,17.94,30.61,19.4,7.67,1.87,3.88,10.5678,86.7,152.75,1849,0,0
2022-04-18,southeast,Southeast,SE,2022,4,2,,48.98,15.26,6.73,3.09,10.81,4.48,18.34,51.15,12.58,10.43,2.05,4.51,17.009999999999998,83.6,188.41,1809,0,0
2022-04-25,southeast,Southeast,SE,2022,4,2,,41.59,10.27,7.84,2.81,9.58,7.56,8.74,37.44,11.21,8.67,2.61,3.27,13.4604,87.2,151.59,1786,0,0
2022-05-02,southeast,Southeast,SE,2022,5,2,,44.71,19.18,8.99,2.03,10.66,10.05,12.83,42.74,22.38,9.73,1.8,3.84,15.404399999999999,83.5,188.94,1827,0,1
2022-05-09,southeast,Southeast,SE,2022,5,2,,28.51,22.09,8.88,3.29,15.22,5.77,13.85,37.71,18.71,8.05,1.98,3.82,11.982599999999998,85.9,167.88,1844,0,1
2022-05-16,southeast,Southeast,SE,2022,5,2,,31.06,12.98,6.79,2.79,11.64,6.68,22.65,37.49,16.66,9.07,1.86,3.2,11.834999999999999,88.6,162.87,1824,0,1
2022-05-23,southeast,Southeast,SE,2022,5,2,,28.31,13.33,7.72,3.11,9.83,5.43,15.84,33.87,14.62,5.95,2.39,4.24,11.5452,85.5,144.64,1747,0,1
2022-05-30,southeast,Southeast,SE,2022,5,2,,38.05,11.09,8.66,2.84,7.92,4.85,19.12,27.98,16.84,9.03,3.03,3.71,16.4574,82.3,153.12,1751,0,1
2022-06-06,southeast,Southeast,SE,2022,6,2,,35.85,7.29,6.23,3.74,8.81,9.17,14.75,31.96,12.61,8.97,2.56,2.64,12.7098,84.5,144.58,1622,0,0
2022-06-13,southeast,Southeast,SE,2022,6,2,,18.95,9.94,5.4,2.4,8.23,11.07,10.42,29.5,16.35,8.93,2.09,2.91,15.1974,88.3,126.19,1714,0,0
2022-06-20,southeast,Southeast,SE,2022,6,2,,25.66,8.82,8.01,2.19,7.87,10.37,13.07,25.25,12.78,6.97,2.07,3.31,14.484599999999999,84.7,126.37,1587,0,0
2022-06-27,southeast,Southeast,SE,2022,6,2,,29.33,13.64,6.06,3.03,7.2,7.35,14.47,36.5,14.1,6.38,2.37,3.94,11.372399999999999,87.0,144.37,1577,0,0
2022-07-04,southeast,Southeast,SE,2022,7,3,,21.98,9.5,7.76,2.55,6.63,7.56,10.4,43.13,11.99,9.43,2.66,2.41,14.6214,88.6,136.0,1595,0,0
2022-07-11,southeast,Southeast,SE,2022,7,3,,27.92,15.73,5.73,3.03,7.41,7.89,17.59,34.3,13.24,7.42,2.48,3.78,15.098399999999998,89.5,146.52,1522,0,0
2022-07-18,southeast,Southeast,SE,2022,7,3,,23.14,8.12,8.02,2.32,11.08,4.62,13.33,35.66,14.29,6.48,1.76,3.35,17.8092,89.7,132.17,1564,0,0
2022-07-25,southeast,Southeast,SE,2022,7,3,,20.33,8.69,8.11,2.95,7.27,6.7,16.49,36.42,14.8,7.86,3.2,3.85,19.4166,92.9,136.67,1522,0,0
2022-08-01,southeast,Southeast,SE,2022,8,3,,21.87,8.74,6.27,2.2,10.64,5.69,16.41,36.28,16.6,7.12,3.24,3.04,11.743199999999998,89.5,138.1,1608,0,0
2022-08-08,southeast,Southeast,SE,2022,8,3,,31.53,12.04,5.26,3.35,10.37,5.35,10.74,46.21,19.35,6.87,2.04,3.35,15.4584,87.2,156.46,1496,0,0
2022-08-15,southeast,Southeast,SE,2022,8,3,,34.4,14.48,6.53,3.31,14.99,6.9,10.39,25.68,11.66,9.36,2.76,4.11,9.241200000000001,93.6,144.57,1639,0,0
2022-08-22,southeast,Southeast,SE,2022,8,3,,29.01,7.58,6.16,1.98,12.82,6.08,13.8,44.22,11.73,13.09,2.93,3.9,17.072999999999997,90.3,153.3,1524,0,0
2022-08-29,southeast,Southeast,SE,2022,8,3,,29.23,11.26,6.99,2.25,9.76,6.88,14.58,41.5,13.62,8.22,3.13,2.74,17.9334,91.0,150.16,1586,0,0
2022-09-05,southeast,Southeast,SE,2022,9,3,,23.16,15.02,6.74,2.71,14.06,7.79,28.92,44.98,16.49,9.12,1.96,3.23,8.4384,87.6,174.18,2061,1,0
2022-09-12,southeast,Southeast,SE,2022,9,3,,46.92,11.41,7.34,3.21,14.92,4.93,23.02,44.35,12.88,6.75,2.28,4.94,13.455,90.4,182.95,1966,1,0
2022-09-19,southeast,Southeast,SE,2022,9,3,,30.09,11.32,6.94,3.8,15.16,4.87,22.91,42.85,18.44,8.14,2.15,3.85,12.034799999999999,90.0,170.52,2133,1,0
2022-09-26,southeast,Southeast,SE,2022,9,3,,29.32,11.38,5.45,3.03,15.65,5.69,23.76,47.01,19.14,9.35,1.92,5.55,13.447799999999999,88.6,177.25,2105,1,0
2022-10-03,southeast,Southeast,SE,2022,10,4,,50.63,14.47,8.79,2.98,10.33,4.88,20.56,68.56,22.45,7.97,1.78,4.12,12.9258,86.0,217.52,2190,1,1
2022-10-10,southeast,Southeast,SE,2022,10,4,,39.73,10.04,9.3,3.07,17.48,5.67,21.41,33.39,19.37,15.47,1.38,4.41,14.2758,82.4,180.72,2099,1,1
2022-10-17,southeast,Southeast,SE,2022,10,4,,69.81,12.72,4.75,3.05,17.86,7.37,18.45,33.85,15.89,10.24,2.31,5.14,17.5428,83.5,201.44,2147,1,1
2022-10-24,southeast,Southeast,SE,2022,10,4,,52.73,10.09,6.28,2.81,20.66,6.6,25.44,32.9,21.61,10.49,2.06,4.27,13.523399999999999,86.8,195.94,2136,1,1
2022-10-31,southeast,Southeast,SE,2022,10,4,,41.35,10.16,6.83,3.75,11.4,7.92,33.76,39.52,19.11,11.04,2.73,3.48,11.8188,83.9,191.05,2267,1,1
2022-11-07,southeast,Southeast,SE,2022,11,4,,33.8,16.48,6.47,1.99,11.81,8.53,17.25,48.76,18.99,7.85,1.95,3.6,13.842,84.3,177.48,2261,1,0
2022-11-14,southeast,Southeast,SE,2022,11,4,,42.58,9.39,5.81,3.02,13.4,11.59,15.36,54.56,15.5,8.73,1.97,2.74,13.688999999999998,85.1,184.65,2213,1,0
2022-11-21,southeast,Southeast,SE,2022,11,4,,41.57,9.23,6.85,3.69,13.43,8.46,24.16,48.01,15.32,8.8,2.4,2.79,14.1534,84.4,184.71,2172,1,0
2022-11-28,southeast,Southeast,SE,2022,11,4,,53.62,9.86,6.73,2.98,12.58,8.19,23.48,48.13,14.61,6.33,1.8,3.74,20.365199999999998,86.0,192.05,2199,1,0
2022-12-05,southeast,Southeast,SE,2022,12,4,,43.03,14.75,5.2,2.06,10.34,6.55,15.24,44.71,14.79,8.14,2.61,3.13,28.692,85.3,170.55,1858,0,0
2022-12-12,southeast,Southeast,SE,2022,12,4,,34.93,8.26,6.97,2.03,10.41,10.95,12.33,53.57,26.34,6.06,3.18,3.95,18.6516,82.7,178.98,1901,0,0
2022-12-19,southeast,Southeast,SE,2022,12,4,,37.68,10.43,6.96,2.72,11.38,7.92,21.56,49.97,13.31,5.59,2.31,3.2,11.1726,83.9,173.03,2003,0,0
2022-12-26,southeast,Southeast,SE,2022,12,4,,34.42,8.39,6.1,2.73,9.77,5.58,19.28,29.74,13.81,6.39,2.74,3.5,28.166399999999996,83.7,142.45,1862,0,0
2023-01-02,southeast,Southeast,SE,2023,1,1,,46.95,8.2,7.09,3.32,8.87,7.04,18.52,32.68,12.56,14.0,2.21,3.54,17.447400000000002,89.3,164.98,2013,0,0
2023-01-09,southeast,Southeast,SE,2023,1,1,,30.58,10.62,5.57,3.14,9.45,7.11,13.78,46.41,22.21,6.91,2.34,3.17,13.202999999999998,90.2,161.29,1881,0,0
2023-01-16,southeast,Southeast,SE,2023,1,1,,26.85,12.07,7.79,2.46,14.25,6.16,15.85,52.27,14.01,7.12,3.1,3.08,18.4986,90.5,165.01,1892,0,0
2023-01-23,southeast,Southeast,SE,2023,1,1,,27.56,8.69,5.6,2.85,10.06,4.76,13.85,42.93,20.7,9.43,2.19,3.47,14.2272,86.4,152.09,1870,0,0
2023-01-30,southeast,Southeast,SE,2023,1,1,,28.86,15.45,5.19,2.23,9.65,6.84,19.15,42.47,22.6,7.92,1.97,3.8,11.496599999999999,91.5,166.13,1896,0,0
2023-02-06,southeast,Southeast,SE,2023,2,1,,42.95,16.77,5.97,3.05,13.34,5.36,21.92,32.53,16.04,9.49,1.97,5.67,11.1672,89.9,175.06,1843,0,1
2023-02-13,southeast,Southeast,SE,2023,2,1,,40.71,16.97,6.89,2.14,10.56,5.51,17.05,55.01,17.63,8.25,1.5,2.85,16.848,88.3,185.07,1847,0,1
2023-02-20,southeast,Southeast,SE,2023,2,1,,26.42,20.77,6.72,4.11,12.12,6.24,15.86,43.5,14.75,8.83,1.65,3.13,16.5402,91.4,164.1,1767,0,1
2023-02-27,southeast,Southeast,SE,2023,2,1,,30.71,23.67,6.65,4.41,8.72,7.28,18.13,44.53,16.9,8.56,2.13,3.77,19.6902,86.8,175.46,2022,0,1
2023-03-06,southeast,Southeast,SE,2023,3,1,,29.97,11.66,7.58,3.49,9.32,12.67,23.9,46.68,13.99,7.77,1.93,3.56,16.4664,87.6,172.52,1886,0,0
2023-03-13,southeast,Southeast,SE,2023,3,1,,41.77,9.87,7.73,2.77,13.39,8.69,24.7,38.31,20.84,7.74,2.11,3.58,14.1156,93.2,181.5,1984,0,0
2023-03-20,southeast,Southeast,SE,2023,3,1,,37.12,10.18,10.63,2.55,11.78,8.35,17.72,31.86,24.6,12.71,2.84,3.31,15.857999999999999,90.2,173.65,1906,0,0
2023-03-27,southeast,Southeast,SE,2023,3,1,,29.78,9.97,9.2,2.51,10.02,17.39,18.54,54.55,16.39,9.88,2.09,3.84,14.608799999999999,88.9,184.16,1995,0,0
2023-04-03,southeast,Southeast,SE,2023,4,2,,46.6,18.72,7.06,3.51,7.75,7.07,21.74,45.46,22.22,5.98,2.11,3.37,13.472999999999999,85.2,191.59,1894,0,0
2023-04-10,southeast,Southeast,SE,2023,4,2,,28.01,10.56,6.3,2.86,12.1,6.78,14.72,45.57,13.27,12.54,1.87,3.12,20.267999999999997,84.7,157.7,1900,0,0
2023-04-17,southeast,Southeast,SE,2023,4,2,,33.24,15.76,7.22,2.3,9.65,6.53,17.41,43.21,18.64,6.85,3.09,3.67,10.202399999999999,85.1,167.57,1834,0,0
2023-04-24,southeast,Southeast,SE,2023,4,2,,39.95,11.3,6.35,2.86,11.98,6.51,14.83,51.38,16.27,6.92,3.12,4.69,12.412799999999999,85.7,176.16,1955,0,0
2023-05-01,southeast,Southeast,SE,2023,5,2,,30.9,11.44,7.29,3.01,10.64,5.45,17.63,40.15,13.69,7.9,2.29,4.01,14.344199999999999,84.7,154.4,1848,0,1
2023-05-08,southeast,Southeast,SE,2023,5,2,,36.47,16.59,6.38,2.23,10.91,6.35,17.74,52.09,12.62,7.44,2.35,3.9,8.3808,85.5,175.07,1944,0,1
2023-05-15,southeast,Southeast,SE,2023,5,2,,35.42,12.92,5.35,2.27,11.94,7.08,23.24,53.66,23.41,6.74,1.71,4.54,12.9906,84.8,188.28,1787,0,1
2023-05-22,southeast,Southeast,SE,2023,5,2,,29.25,12.58,6.63,2.84,9.41,6.47,19.61,42.68,17.35,8.25,2.03,3.53,17.3106,83.8,160.63,1834,0,1
2023-05-29,southeast,Southeast,SE,2023,5,2,,24.21,14.18,8.9,3.44,18.95,6.63,18.83,45.86,16.85,7.93,2.12,4.0,18.8388,83.3,171.9,1915,0,1
2023-06-05,southeast,Southeast,SE,2023,6,2,,30.25,9.93,6.47,2.48,11.44,9.42,15.1,27.21,13.5,6.99,2.67,2.85,12.958199999999998,87.0,138.31,1674,0,0
2023-06-12,southeast,Southeast,SE,2023,6,2,,30.52,12.27,5.71,3.3,7.9,8.88,12.04,38.53,13.46,6.13,1.56,3.45,12.861,86.0,143.75,1722,0,0
2023-06-19,southeast,Southeast,SE,2023,6,2,,37.64,8.93,6.69,1.96,7.96,8.41,13.6,47.72,14.44,5.83,2.72,3.9,12.468599999999999,86.6,159.8,1700,0,0
2023-06-26,southeast,Southeast,SE,2023,6,2,,37.16,13.86,6.21,2.23,9.8,10.28,19.25,24.65,12.81,6.34,2.16,2.36,12.879,85.0,147.11,1782,0,0
2023-07-03,southeast,Southeast,SE,2023,7,3,,19.13,14.72,7.46,2.88,7.94,5.78,17.81,57.43,16.83,10.44,2.0,4.47,18.0972,85.3,166.89,1717,0,0
2023-07-10,southeast,Southeast,SE,2023,7,3,,33.02,10.06,7.05,2.58,5.81,6.11,16.94,38.49,10.68,9.96,2.2,4.21,19.947599999999998,84.7,147.11,1671,0,0
2023-07-17,southeast,Southeast,SE,2023,7,3,,23.0,11.78,7.88,2.06,7.18,6.34,11.77,52.8,12.48,12.4,2.51,4.63,10.272599999999999,86.7,154.83,1657,0,0
2023-07-24,southeast,Southeast,SE,2023,7,3,,24.12,12.11,7.47,2.87,8.05,6.39,18.66,28.19,11.46,5.31,2.28,3.19,12.243599999999999,84.5,130.1,1754,0,0
2023-07-31,southeast,Southeast,SE,2023,7,3,,36.16,12.74,8.8,3.31,4.21,4.13,11.78,35.72,20.95,5.22,2.04,3.01,9.9198,83.5,148.07,1588,0,0
2023-08-07,southeast,Southeast,SE,2023,8,3,,43.64,15.48,7.49,2.39,7.53,7.23,13.36,32.7,14.3,6.26,2.66,4.33,14.317200000000001,85.8,157.37,1695,0,0
2023-08-14,southeast,Southeast,SE,2023,8,3,,25.92,8.7,7.84,3.07,6.7,5.94,13.42,31.12,21.59,5.39,2.65,3.88,13.0608,84.8,136.22,1610,0,0
2023-08-21,southeast,Southeast,SE,2023,8,3,,26.82,11.95,7.01,2.36,12.07,5.35,13.57,31.1,15.97,6.25,2.61,3.57,28.3716,85.4,138.63,1742,0,0
2023-08-28,southeast,Southeast,SE,2023,8,3,,25.97,11.76,8.66,2.47,9.06,7.21,17.33,31.51,15.13,7.06,2.25,2.94,16.442999999999998,86.1,141.35,1635,0,0
2023-09-04,southeast,Southeast,SE,2023,9,3,,42.45,9.33,6.55,2.31,12.89,6.47,21.06,40.5,20.06,9.33,1.88,5.14,16.0812,84.1,177.97,2242,1,0
2023-09-11,southeast,Southeast,SE,2023,9,3,,35.82,8.76,6.84,1.9,11.23,4.63,15.72,60.31,15.92,10.08,1.99,3.94,10.3608,84.7,177.14,2222,1,0
2023-09-18,southeast,Southeast,SE,2023,9,3,,38.46,9.2,6.95,3.0,11.04,8.86,18.55,52.33,24.15,7.8,2.24,5.69,14.3262,84.5,188.27,2152,1,0
2023-09-25,southeast,Southeast,SE,2023,9,3,,37.06,9.06,9.05,2.71,11.03,6.58,22.58,38.08,20.7,10.06,2.27,3.36,10.2582,86.9,172.54,2293,1,0
2023-10-02,southeast,Southeast,SE,2023,10,4,,52.29,12.19,12.56,2.66,15.59,5.3,22.29,52.48,16.91,9.34,2.17,5.2,20.3814,85.0,208.98,2201,1,1
2023-10-09,southeast,Southeast,SE,2023,10,4,,69.95,12.48,6.18,3.45,18.31,6.55,16.5,49.44,16.09,9.45,2.7,3.73,13.413599999999999,85.2,214.83,2335,1,1
2023-10-16,southeast,Southeast,SE,2023,10,4,,67.94,12.74,7.35,3.35,12.15,7.35,13.97,31.91,15.65,8.59,3.14,3.99,10.9566,83.3,188.13,2242,1,1
2023-10-23,southeast,Southeast,SE,2023,10,4,,66.8,9.24,5.3,3.52,13.89,9.81,16.84,55.87,16.35,8.55,1.56,5.06,12.915,86.1,212.79,2368,1,1
2023-10-30,southeast,Southeast,SE,2023,10,4,,89.31,12.26,7.79,2.55,13.89,5.74,27.48,48.89,18.51,9.01,2.45,4.37,15.012,85.6,242.25,2363,1,1
2023-11-06,southeast,Southeast,SE,2023,11,4,,49.58,11.74,6.41,2.49,13.92,11.66,15.02,50.32,14.78,8.41,2.17,3.95,16.6752,83.7,190.45,2328,1,0
2023-11-13,southeast,Southeast,SE,2023,11,4,,44.38,13.42,8.21,2.55,17.16,8.06,21.94,47.06,19.21,11.95,1.72,4.28,18.6768,87.9,199.94,2508,1,0
2023-11-20,southeast,Southeast,SE,2023,11,4,,49.21,12.14,7.59,3.66,13.18,6.06,30.1,60.03,19.23,7.87,2.86,4.3,14.581800000000001,85.5,216.23,2392,1,0
2023-11-27,southeast,Southeast,SE,2023,11,4,,36.27,10.96,9.17,3.08,14.45,6.89,21.32,40.9,18.06,10.29,1.58,3.63,13.469399999999998,84.1,176.6,2352,1,0
2023-12-04,southeast,Southeast,SE,2023,12,4,,20.42,10.38,9.7,2.59,10.32,4.47,22.06,38.99,20.23,5.56,2.75,6.36,16.515,85.0,153.83,2046,0,0
2023-12-11,southeast,Southeast,SE,2023,12,4,,27.58,12.26,6.94,3.02,9.67,6.78,16.29,30.31,16.37,10.86,1.97,3.74,16.425,84.4,145.79,1894,0,0
2023-12-18,southeast,Southeast,SE,2023,12,4,,25.43,9.68,6.86,2.59,11.99,6.88,11.39,40.7,15.52,12.9,1.8,3.57,14.7456,87.3,149.31,2102,0,0
2023-12-25,southeast,Southeast,SE,2023,12,4,,34.74,11.11,6.79,2.94,10.74,3.9,19.34,54.54,16.43,9.44,2.26,3.63,16.9308,86.4,175.86,1848,0,0
2022-01-03,midwest,Midwest,MW,2022,1,1,,40.54,14.39,7.97,3.42,17.01,7.29,16.08,58.83,26.84,8.87,2.08,6.44,17.052000000000003,93.9,209.76,1720,0,0
2022-01-10,midwest,Midwest,MW,2022,1,1,,40.46,10.96,7.71,3.02,12.47,6.93,24.66,30.72,20.04,8.44,1.77,4.19,12.850000000000001,94.3,171.37,1678,0,0
2022-01-17,midwest,Midwest,MW,2022,1,1,,38.78,13.49,8.71,2.7,10.59,7.58,17.93,60.91,19.21,9.75,2.74,4.25,13.272,96.0,196.64,1725,0,0
2022-01-24,midwest,Midwest,MW,2022,1,1,,41.14,13.03,11.21,4.07,14.25,7.98,23.88,53.52,16.11,8.86,2.79,3.18,22.990000000000002,97.0,200.02,1688,0,0
2022-01-31,midwest,Midwest,MW,2022,1,1,,36.27,14.81,12.52,3.66,9.72,5.68,20.61,48.65,17.82,7.99,2.39,5.34,19.488,96.9,185.46,1872,0,0
2022-02-07,midwest,Midwest,MW,2022,2,1,,29.91,22.24,9.33,3.46,9.72,11.77,14.85,46.27,19.83,11.8,1.9,3.76,15.8,96.0,184.84,1913,0,1
2022-02-14,midwest,Midwest,MW,2022,2,1,,32.17,24.57,9.75,2.28,13.93,6.15,20.06,56.26,20.66,7.63,2.46,5.74,15.854,92.6,201.66,1822,0,1
2022-02-21,midwest,Midwest,MW,2022,2,1,,36.65,28.49,9.15,2.01,11.11,5.92,19.49,38.89,22.34,8.27,3.25,4.56,38.016000000000005,92.6,190.13,1884,0,1
2022-02-28,midwest,Midwest,MW,2022,2,1,,53.96,20.45,8.21,2.71,9.41,8.49,22.25,47.99,15.81,7.77,2.01,4.14,16.146,96.1,203.2,1797,0,1
2022-03-07,midwest,Midwest,MW,2022,3,1,,27.83,7.96,11.45,2.91,9.48,9.1,16.28,37.5,15.52,12.63,2.83,3.89,15.630000000000003,92.6,157.38,1898,0,0
2022-03-14,midwest,Midwest,MW,2022,3,1,,59.55,11.75,7.97,3.06,10.7,9.78,15.56,51.69,13.82,8.72,2.16,4.16,13.652000000000001,95.8,198.92,1969,0,0
2022-03-21,midwest,Midwest,MW,2022,3,1,,46.97,10.76,6.55,3.1,11.1,11.94,15.12,41.59,22.0,10.56,2.36,4.06,23.956000000000003,95.4,186.11,1842,0,0
2022-03-28,midwest,Midwest,MW,2022,3,1,,31.68,14.45,10.07,3.94,9.76,10.65,24.4,36.36,27.43,9.51,2.76,4.52,11.428,94.3,185.53,1802,0,0
2022-04-04,midwest,Midwest,MW,2022,4,2,,26.51,10.72,9.62,3.89,11.95,6.29,14.05,49.3,16.1,11.98,2.09,4.77,17.756,101.2,167.27,1793,0,0
2022-04-11,midwest,Midwest,MW,2022,4,2,,27.8,13.85,8.69,2.93,12.97,8.41,19.37,35.52,22.6,19.64,2.61,4.6,20.582,105.3,178.99,1781,0,0
2022-04-18,midwest,Midwest,MW,2022,4,2,,39.0,10.92,8.92,4.24,7.73,5.68,38.09,44.37,23.8,8.82,2.17,3.23,20.628,105.8,196.97,1706,0,0
2022-04-25,midwest,Midwest,MW,2022,4,2,,33.23,17.46,10.82,2.69,13.82,8.26,13.76,49.33,15.09,9.85,3.02,3.82,13.902000000000001,104.2,181.15,1736,0,0
2022-05-02,midwest,Midwest,MW,2022,5,2,,39.21,14.03,6.66,2.0,10.84,8.61,15.57,32.82,15.4,6.92,1.99,3.53,10.112000000000002,103.4,157.58,1761,0,1
2022-05-09,midwest,Midwest,MW,2022,5,2,,34.35,15.67,5.46,3.53,12.09,6.59,24.41,54.96,13.53,9.2,2.61,5.45,17.124000000000002,105.4,187.85,1692,0,1
2022-05-16,midwest,Midwest,MW,2022,5,2,,32.06,13.68,8.97,3.8,9.59,7.07,16.39,41.02,13.58,12.6,2.28,4.26,20.828000000000003,102.8,165.3,1876,0,1
2022-05-23,midwest,Midwest,MW,2022,5,2,,44.04,17.92,7.76,2.43,11.73,5.94,33.56,55.1,22.37,7.86,2.71,5.64,11.608,105.9,217.06,1780,0,1
2022-05-30,midwest,Midwest,MW,2022,5,2,,34.75,20.14,5.58,3.84,12.97,7.35,24.92,50.2,15.97,8.52,3.84,3.4,14.847999999999999,106.6,191.48,1716,0,1
2022-06-06,midwest,Midwest,MW,2022,6,2,,26.93,11.56,8.99,2.84,8.76,8.31,12.6,65.83,21.69,7.07,2.58,5.03,17.186000000000003,102.1,182.19,1531,0,0
2022-06-13,midwest,Midwest,MW,2022,6,2,,38.49,11.03,8.82,3.67,10.85,9.04,16.29,32.29,11.33,8.2,2.35,3.25,13.522,104.2,155.61,1535,0,0
2022-06-20,midwest,Midwest,MW,2022,6,2,,32.55,11.86,6.51,2.68,9.79,8.19,17.66,52.09,13.9,9.27,2.06,3.58,11.324,104.9,170.14,1497,0,0
2022-06-27,midwest,Midwest,MW,2022,6,2,,29.01,11.96,7.24,3.54,9.37,9.4,15.74,47.57,13.66,6.77,3.66,3.85,13.788,105.0,161.77,1525,0,0
2022-07-04,midwest,Midwest,MW,2022,7,3,,30.41,10.75,7.88,2.59,10.2,8.14,12.79,44.27,20.95,7.44,2.55,4.8,14.278,103.7,162.77,1580,0,0
2022-07-11,midwest,Midwest,MW,2022,7,3,,29.67,16.96,8.46,3.35,12.24,8.97,17.68,37.62,16.44,9.45,2.37,4.03,10.972000000000001,103.0,167.24,1468,0,0
2022-07-18,midwest,Midwest,MW,2022,7,3,,33.83,15.72,6.3,3.49,10.2,7.72,27.47,46.39,21.31,8.12,1.74,2.56,19.824,104.3,184.85,1496,0,0
2022-07-25,midwest,Midwest,MW,2022,7,3,,39.44,10.13,10.25,3.51,7.5,7.05,21.06,47.82,15.64,9.99,2.58,3.66,21.832,106.0,178.63,1528,0,0
2022-08-01,midwest,Midwest,MW,2022,8,3,,27.21,11.13,7.09,2.85,9.32,7.97,16.3,58.23,13.75,6.75,2.9,3.82,16.094,105.9,167.32,1478,0,0
2022-08-08,midwest,Midwest,MW,2022,8,3,,23.94,11.64,6.48,2.61,10.36,6.59,20.0,59.7,17.53,6.78,2.61,2.72,18.514,105.9,170.96,1487,0,0
2022-08-15,midwest,Midwest,MW,2022,8,3,,51.09,11.37,8.76,3.95,9.27,7.47,15.13,35.21,20.28,9.67,2.32,3.7,11.902000000000001,106.9,178.22,1418,0,0
2022-08-22,midwest,Midwest,MW,2022,8,3,,28.42,13.3,9.34,3.67,7.99,7.55,15.63,40.91,14.09,10.67,1.87,3.05,15.554,103.4,156.49,1582,0,0
2022-08-29,midwest,Midwest,MW,2022,8,3,,27.71,11.96,10.56,3.01,9.42,6.68,14.52,37.1,15.28,11.13,2.5,4.62,14.25,104.4,154.49,1555,0,0
2022-09-05,midwest,Midwest,MW,2022,9,3,,62.03,10.29,7.31,3.48,13.53,8.44,19.63,52.44,28.17,9.94,2.31,5.33,17.372,104.7,222.9,2194,1,0
2022-09-12,midwest,Midwest,MW,2022,9,3,,63.12,14.28,7.88,3.37,19.6,5.49,21.01,64.88,20.47,10.42,2.2,5.73,9.328000000000001,100.7,238.45,2220,1,0
2022-09-19,midwest,Midwest,MW,2022,9,3,,54.81,15.19,7.11,2.86,15.8,5.86,20.78,70.14,21.75,9.63,2.32,2.93,25.338,105.3,229.18,2214,1,0
2022-09-26,midwest,Midwest,MW,2022,9,3,,51.84,13.46,8.35,4.6,10.74,6.02,19.11,57.09,22.63,8.11,2.3,3.98,18.142,105.0,208.23,2364,1,0
2022-10-03,midwest,Midwest,MW,2022,10,4,,61.67,10.67,10.28,4.33,10.7,7.42,22.2,70.19,16.85,9.2,3.29,6.78,16.78,103.3,233.58,2348,1,1
2022-10-10,midwest,Midwest,MW,2022,10,4,,59.89,13.99,6.73,3.06,14.7,8.47,25.39,59.19,21.89,11.46,2.66,5.94,32.794000000000004,106.3,233.37,2257,1,1
2022-10-17,midwest,Midwest,MW,2022,10,4,,73.53,9.89,6.16,4.1,16.39,7.89,15.2,60.0,18.49,9.57,2.55,5.09,14.196000000000002,106.2,228.86,2296,1,1
2022-10-24,midwest,Midwest,MW,2022,10,4,,77.99,29.91,9.7,3.14,10.72,6.4,16.94,47.84,23.56,13.56,2.7,6.3,9.096,105.6,248.76,2456,1,1
2022-10-31,midwest,Midwest,MW,2022,10,4,,67.42,14.56,8.21,4.93,13.91,5.05,18.32,39.24,18.01,9.48,2.02,4.49,19.932000000000002,102.4,205.64,2389,1,1
2022-11-07,midwest,Midwest,MW,2022,11,4,,46.15,18.1,9.07,3.36,12.31,10.22,31.31,46.09,19.8,10.94,3.28,3.98,18.624000000000002,103.5,214.61,2332,1,0
2022-11-14,midwest,Midwest,MW,2022,11,4,,54.98,16.02,7.23,2.75,15.1,8.68,17.49,48.82,26.2,11.5,1.82,4.65,21.896,105.5,215.24,2426,1,0
2022-11-21,midwest,Midwest,MW,2022,11,4,,59.83,12.32,8.67,3.31,15.4,7.74,20.9,50.81,18.95,10.72,2.45,4.66,16.240000000000002,104.2,215.76,2369,1,0
2022-11-28,midwest,Midwest,MW,2022,11,4,,53.69,16.06,14.46,3.98,13.78,14.16,25.91,48.96,19.83,11.29,2.08,4.08,17.388,104.7,228.28,2466,1,0
2022-12-05,midwest,Midwest,MW,2022,12,4,,39.04,11.2,6.95,4.27,8.37,6.13,17.95,47.98,19.17,6.54,2.54,4.02,25.494,103.3,174.16,2024,0,0
2022-12-12,midwest,Midwest,MW,2022,12,4,,32.62,15.07,5.88,3.09,10.53,8.34,21.26,41.71,13.41,7.81,2.19,3.84,11.05,105.3,165.75,1800,0,0
2022-12-19,midwest,Midwest,MW,2022,12,4,,27.94,17.11,6.72,2.4,14.58,6.78,18.78,62.93,16.9,8.28,2.58,4.8,17.488,107.3,189.8,1822,0,0
2022-12-26,midwest,Midwest,MW,2022,12,4,,43.17,11.81,10.98,2.42,12.68,8.65,20.51,43.63,14.26,8.7,2.16,3.26,20.412000000000003,105.5,182.23,1848,0,0
2023-01-02,midwest,Midwest,MW,2023,1,1,,50.79,10.85,7.87,4.24,11.73,10.09,22.18,51.98,17.77,8.58,1.6,4.13,16.694,116.5,201.81,1873,0,0
2023-01-09,midwest,Midwest,MW,2023,1,1,,47.03,12.26,9.08,4.44,11.27,7.9,27.13,36.68,16.38,10.1,2.67,3.99,16.214,116.3,188.93,1975,0,0
2023-01-16,midwest,Midwest,MW,2023,1,1,,38.04,11.48,5.54,3.85,10.23,6.49,18.83,55.22,22.99,8.11,2.24,3.65,11.892000000000001,114.5,186.67,1935,0,0
2023-01-23,midwest,Midwest,MW,2023,1,1,,30.6,10.27,8.9,2.79,11.47,8.35,13.22,41.84,22.74,7.5,2.78,4.47,21.456000000000003,114.7,164.93,1953,0,0
2023-01-30,midwest,Midwest,MW,2023,1,1,,42.93,14.14,7.78,2.9,12.11,6.88,22.92,49.89,14.61,13.09,2.79,4.42,19.814,117.2,194.46,1923,0,0
2023-02-06,midwest,Midwest,MW,2023,2,1,,39.53,20.04,10.84,3.78,12.04,5.6,22.86,76.39,20.26,7.26,2.06,4.08,20.678,116.1,224.74,1833,0,1
2023-02-13,midwest,Midwest,MW,2023,2,1,,36.79,18.31,7.6,3.99,9.1,8.98,16.8,43.89,19.87,8.37,2.58,4.66,15.932,116.4,180.94,1930,0,1
2023-02-20,midwest,Midwest,MW,2023,2,1,,47.34,19.65,7.32,2.64,12.01,6.6,24.11,33.75,12.61,9.92,2.19,3.48,15.006,115.2,181.62,1938,0,1
2023-02-27,midwest,Midwest,MW,2023,2,1,,29.11,26.62,10.59,3.23,8.65,9.51,30.03,54.7,15.59,6.65,3.04,5.18,15.978000000000002,114.4,202.9,1916,0,1
2023-03-06,midwest,Midwest,MW,2023,3,1,,43.27,14.12,10.55,3.18,13.07,11.73,16.16,51.68,19.37,7.63,2.8,3.48,22.476,114.6,197.04,1800,0,0
2023-03-13,midwest,Midwest,MW,2023,3,1,,37.4,12.62,9.39,3.43,9.86,10.18,18.54,55.05,19.26,11.31,3.96,3.73,15.188,117.1,194.73,1871,0,0
2023-03-20,midwest,Midwest,MW,2023,3,1,,31.56,11.51,8.5,4.03,11.03,10.09,13.48,45.63,17.57,9.72,2.91,5.34,21.52,115.0,171.37,1949,0,0
2023-03-27,midwest,Midwest,MW,2023,3,1,,50.55,11.8,7.05,2.29,11.22,10.81,16.44,53.81,17.83,10.75,2.63,5.21,15.536000000000001,116.9,200.39,1912,0,0
2023-04-03,midwest,Midwest,MW,2023,4,2,,43.04,13.7,9.13,3.18,12.67,5.65,17.35,56.51,15.25,14.22,2.96,5.84,13.480000000000002,117.1,199.5,1825,0,0
2023-04-10,midwest,Midwest,MW,2023,4,2,,39.9,16.47,7.88,3.06,9.45,8.51,14.84,47.73,16.82,10.61,2.41,3.47,10.56,116.4,181.15,1854,0,0
2023-04-17,midwest,Midwest,MW,2023,4,2,,40.51,11.74,7.28,3.22,11.32,7.07,21.13,56.2,18.53,9.21,2.63,3.29,17.946,116.2,192.13,1830,0,0
2023-04-24,midwest,Midwest,MW,2023,4,2,,49.39,9.8,7.63,2.45,11.2,7.39,22.44,36.05,24.42,10.19,2.47,3.09,18.656000000000002,117.5,186.52,1831,0,0
2023-05-01,midwest,Midwest,MW,2023,5,2,,41.06,16.2,8.23,3.2,14.74,7.43,16.87,34.61,16.0,11.13,2.56,4.13,12.712000000000002,113.7,176.16,1842,0,1
2023-05-08,midwest,Midwest,MW,2023,5,2,,33.76,11.58,13.1,2.82,10.35,7.86,15.01,49.44,17.61,12.91,2.21,4.62,21.498,114.4,181.27,1785,0,1
2023-05-15,midwest,Midwest,MW,2023,5,2,,50.02,19.47,8.92,2.33,13.3,7.69,19.4,44.82,17.35,10.38,2.52,3.61,12.138,113.1,199.81,1835,0,1
2023-05-22,midwest,Midwest,MW,2023,5,2,,37.13,14.28,7.64,3.42,11.1,10.82,14.89,43.35,34.28,7.84,2.79,4.47,18.436000000000003,112.8,192.01,1748,0,1
2023-05-29,midwest,Midwest,MW,2023,5,2,,33.59,18.33,7.14,3.67,9.4,9.02,29.76,38.68,18.76,10.26,2.25,4.31,18.618000000000002,114.9,185.17,1923,0,1
2023-06-05,midwest,Midwest,MW,2023,6,2,,29.96,9.89,7.94,6.54,7.27,8.09,14.69,33.3,12.85,7.04,2.64,5.02,19.830000000000002,115.4,145.23,1483,0,0
2023-06-12,midwest,Midwest,MW,2023,6,2,,41.65,10.37,9.34,3.19,10.35,9.82,18.43,40.28,16.02,8.24,2.03,4.71,10.788,115.8,174.43,1451,0,0
2023-06-19,midwest,Midwest,MW,2023,6,2,,25.81,15.88,8.55,2.81,9.94,8.16,19.16,27.22,14.33,11.69,2.47,3.38,19.806,114.0,149.4,1645,0,0
2023-06-26,midwest,Midwest,MW,2023,6,2,,32.65,18.9,8.32,3.22,10.39,5.76,16.71,38.43,16.09,6.41,2.11,2.42,15.544,114.4,161.41,1541,0,0
2023-07-03,midwest,Midwest,MW,2023,7,3,,45.4,16.15,8.74,3.35,11.38,6.74,23.35,47.12,24.13,8.37,2.43,3.03,14.948,116.3,200.19,1575,0,0
2023-07-10,midwest,Midwest,MW,2023,7,3,,35.47,10.25,8.42,3.87,7.28,8.97,13.1,33.04,11.68,7.26,2.36,3.36,18.87,112.8,145.06,1572,0,0
2023-07-17,midwest,Midwest,MW,2023,7,3,,34.11,13.0,8.82,2.2,9.49,11.41,10.35,36.51,12.22,10.39,4.2,3.72,19.39,115.0,156.42,1611,0,0
2023-07-24,midwest,Midwest,MW,2023,7,3,,32.44,11.31,9.14,3.13,9.5,8.3,16.81,42.14,16.53,7.02,2.73,3.8,10.75,117.0,162.85,1564,0,0
2023-07-31,midwest,Midwest,MW,2023,7,3,,29.72,15.2,8.57,2.1,11.44,7.46,12.23,29.07,17.19,7.35,2.2,3.14,12.362000000000002,114.6,145.67,1564,0,0
2023-08-07,midwest,Midwest,MW,2023,8,3,,25.39,12.12,9.54,2.67,9.94,5.02,12.38,42.33,14.88,9.36,2.24,4.09,20.336000000000002,114.4,149.96,1401,0,0
2023-08-14,midwest,Midwest,MW,2023,8,3,,26.79,10.36,8.44,3.63,7.38,7.55,14.56,38.94,14.19,9.12,1.73,4.19,17.594,116.9,146.88,1452,0,0
2023-08-21,midwest,Midwest,MW,2023,8,3,,23.11,10.97,9.04,3.11,8.83,9.2,16.85,37.8,11.93,9.21,2.72,4.33,16.592,112.9,147.1,1364,0,0
2023-08-28,midwest,Midwest,MW,2023,8,3,,36.36,10.79,10.69,4.67,9.61,10.74,14.77,43.25,16.1,7.91,2.39,4.29,13.138,113.8,171.57,1453,0,0
2023-09-04,midwest,Midwest,MW,2023,9,3,,38.81,20.34,7.91,3.19,8.8,5.97,23.95,68.56,14.1,12.19,1.81,5.51,17.468,113.9,211.14,2221,1,0
2023-09-11,midwest,Midwest,MW,2023,9,3,,45.93,14.14,7.02,3.19,9.79,4.95,15.87,71.64,17.43,10.84,2.46,5.09,20.418000000000003,116.0,208.35,2270,1,0
2023-09-18,midwest,Midwest,MW,2023,9,3,,48.71,8.28,6.58,2.64,12.9,8.85,19.92,44.36,18.85,8.98,2.08,5.9,25.436000000000003,112.6,188.05,2248,1,0
2023-09-25,midwest,Midwest,MW,2023,9,3,,42.23,15.55,7.68,3.3,16.7,5.73,24.2,54.4,30.37,6.91,2.15,5.95,14.906,116.9,215.17,2292,1,0
2023-10-02,midwest,Midwest,MW,2023,10,4,,65.61,15.23,6.19,3.6,15.34,6.15,23.45,51.17,18.05,13.92,2.73,5.65,19.068,105.0,227.09,2388,1,1
2023-10-09,midwest,Midwest,MW,2023,10,4,,64.0,9.43,7.29,3.22,13.82,7.44,18.31,72.66,20.64,14.16,2.99,4.39,23.186000000000003,106.6,238.35,2474,1,1
2023-10-16,midwest,Midwest,MW,2023,10,4,,83.26,22.21,6.56,3.77,12.91,6.42,21.04,40.94,21.83,12.48,2.13,4.44,11.976,106.9,237.99,2555,1,1
2023-10-23,midwest,Midwest,MW,2023,10,4,,58.94,21.03,9.75,2.8,15.33,6.14,27.21,48.47,18.57,11.54,2.54,3.35,22.930000000000003,103.8,225.67,2532,1,1
2023-10-30,midwest,Midwest,MW,2023,10,4,,74.01,11.21,6.51,4.15,10.5,9.06,24.14,44.84,21.4,7.49,2.64,4.19,16.656000000000002,105.0,220.14,2608,1,1
2023-11-06,midwest,Midwest,MW,2023,11,4,,40.04,14.08,8.09,2.73,10.07,14.88,18.05,51.01,17.36,9.43,2.85,3.59,16.242,104.7,192.18,2583,1,0
2023-11-13,midwest,Midwest,MW,2023,11,4,,57.2,11.79,8.87,2.89,11.66,7.01,19.22,48.36,20.44,10.59,2.66,5.85,14.358000000000002,104.9,206.54,2683,1,0
2023-11-20,midwest,Midwest,MW,2023,11,4,,49.1,13.69,7.43,3.73,12.19,9.33,30.8,38.52,15.95,9.28,2.48,4.11,14.876,104.1,196.61,2700,1,0
2023-11-27,midwest,Midwest,MW,2023,11,4,,44.64,13.91,7.56,3.84,17.73,9.99,16.91,69.33,27.04,11.31,1.86,5.07,13.786000000000001,106.7,229.19,2311,1,0
2023-12-04,midwest,Midwest,MW,2023,12,4,,34.85,11.01,7.19,2.81,11.84,6.67,15.21,39.29,23.78,8.09,2.8,4.34,13.224000000000002,104.7,167.88,2092,0,0
2023-12-11,midwest,Midwest,MW,2023,12,4,,36.31,9.9,7.4,2.66,14.0,6.31,19.47,61.0,15.97,9.36,3.39,3.7,17.506,104.5,189.47,1908,0,0
2023-12-18,midwest,Midwest,MW,2023,12,4,,35.8,11.64,10.11,3.11,13.88,7.58,19.8,52.43,21.17,8.04,2.39,4.74,19.988,106.7,190.69,1946,0,0
2023-12-25,midwest,Midwest,MW,2023,12,4,,28.06,9.65,9.21,3.17,12.92,7.51,17.18,51.98,14.38,9.34,2.25,3.85,12.975999999999999,106.3,169.5,1941,0,0
2022-01-03,southwest,Southwest,SW,2022,1,1,,39.38,14.16,7.09,3.29,9.48,4.36,13.64,28.23,14.11,5.94,1.89,3.5,9.025599999999999,90.4,145.07,1319,0,0
2022-01-10,southwest,Southwest,SW,2022,1,1,,30.1,8.02,4.33,2.32,8.51,7.45,18.85,49.12,16.78,5.93,2.31,3.03,15.796800000000001,89.9,156.75,1322,0,0
2022-01-17,southwest,Southwest,SW,2022,1,1,,32.33,7.89,7.7,2.36,7.13,5.91,15.55,36.37,11.53,5.47,1.76,2.56,15.2192,91.0,136.56,1318,0,0
2022-01-24,southwest,Southwest,SW,2022,1,1,,30.94,10.51,5.53,2.45,7.89,7.98,15.81,35.31,12.82,6.76,2.47,2.26,10.572799999999999,89.5,140.73,1452,0,0
2022-01-31,southwest,Southwest,SW,2022,1,1,,32.83,5.58,6.64,2.53,9.76,5.09,13.73,25.27,11.4,5.42,2.31,4.74,10.815999999999999,91.2,125.3,1282,0,0
2022-02-07,southwest,Southwest,SW,2022,2,1,,22.05,12.98,5.92,2.88,9.3,6.89,15.69,44.84,14.91,6.67,1.5,2.82,21.72,89.8,146.45,1435,0,1
2022-02-14,southwest,Southwest,SW,2022,2,1,,28.57,13.47,6.2,2.54,12.33,5.64,15.16,37.62,16.33,9.04,2.1,3.21,16.5744,90.4,152.21,1429,0,1
2022-02-21,southwest,Southwest,SW,2022,2,1,,28.06,13.92,6.93,2.23,8.7,6.29,17.89,38.21,17.75,7.76,2.0,2.51,12.616,88.9,152.25,1498,0,1
2022-02-28,southwest,Southwest,SW,2022,2,1,,29.92,20.49,6.04,2.46,8.64,7.94,18.2,34.48,14.35,7.5,1.46,2.95,13.1952,91.4,154.43,1412,0,1
2022-03-07,southwest,Southwest,SW,2022,3,1,,27.62,9.29,5.99,2.4,7.36,6.55,14.67,30.55,12.37,7.31,2.11,5.38,13.1952,88.5,131.6,1436,0,0
2022-03-14,southwest,Southwest,SW,2022,3,1,,22.18,14.54,6.18,2.17,8.99,6.92,14.3,42.91,12.85,9.15,1.6,3.6,16.8432,89.0,145.39,1402,0,0
2022-03-21,southwest,Southwest,SW,2022,3,1,,26.9,8.81,9.74,2.59,8.52,9.2,17.26,35.63,10.68,6.78,1.69,2.99,11.88,89.5,140.79,1510,0,0
2022-03-28,southwest,Southwest,SW,2022,3,1,,26.4,12.45,4.9,2.31,9.28,8.4,16.62,36.75,15.71,6.38,1.95,3.02,12.4576,88.7,144.17,1465,0,0
2022-04-04,southwest,Southwest,SW,2022,4,2,,30.88,13.3,7.12,2.17,9.29,6.95,18.64,39.67,14.36,7.99,1.5,3.54,16.1888,85.8,155.41,1469,0,0
2022-04-11,southwest,Southwest,SW,2022,4,2,,25.96,17.87,7.6,2.7,8.59,5.06,14.61,36.53,11.72,5.91,1.87,2.92,16.1536,85.2,141.34,1392,0,0
2022-04-18,southwest,Southwest,SW,2022,4,2,,38.57,11.81,4.4,2.25,10.2,9.31,17.25,31.11,14.85,9.28,2.02,3.23,10.3872,83.5,154.28,1405,0,0
2022-04-25,southwest,Southwest,SW,2022,4,2,,27.97,8.29,6.58,2.76,16.86,5.12,14.6,39.25,11.67,5.13,1.4,3.05,8.6736,84.2,142.68,1474,0,0
2022-05-02,southwest,Southwest,SW,2022,5,2,,26.02,11.45,4.22,2.63,7.84,7.31,20.67,33.39,14.56,5.55,1.66,2.95,12.7808,85.2,138.25,1433,0,1
2022-05-09,southwest,Southwest,SW,2022,5,2,,25.22,19.71,5.94,2.49,10.7,6.72,13.06,46.02,14.11,6.82,1.64,3.03,14.568,85.3,155.46,1484,0,1
2022-05-16,southwest,Southwest,SW,2022,5,2,,37.05,11.62,7.75,2.86,8.18,5.55,14.13,54.28,16.56,6.46,2.53,2.38,13.632000000000001,83.6,169.35,1480,0,1
2022-05-23,southwest,Southwest,SW,2022,5,2,,36.57,18.17,5.78,2.35,7.84,9.4,20.34,39.6,11.28,4.72,1.43,3.07,16.041600000000003,85.0,160.55,1442,0,1
2022-05-30,southwest,Southwest,SW,2022,5,2,,20.77,12.83,9.97,2.31,6.93,4.75,15.76,37.11,11.38,6.86,1.87,2.62,18.5824,85.9,133.16,1405,0,1
2022-06-06,southwest,Southwest,SW,2022,6,2,,24.17,8.94,8.0,2.53,7.32,6.19,14.51,28.98,10.33,5.4,2.23,2.92,10.3376,84.5,121.52,1347,0,0
2022-06-13,southwest,Southwest,SW,2022,6,2,,19.87,12.06,6.1,2.16,5.71,8.08,15.41,39.58,13.65,7.47,1.57,3.86,9.744,83.5,135.52,1285,0,0
2022-06-20,southwest,Southwest,SW,2022,6,2,,21.99,8.35,5.26,2.21,8.45,7.29,15.26,29.54,11.48,7.88,1.38,2.7,16.1248,87.0,121.79,1290,0,0
2022-06-27,southwest,Southwest,SW,2022,6,2,,14.22,8.52,7.29,2.81,8.64,9.02,12.01,36.25,12.24,5.34,2.03,3.11,11.767999999999999,85.9,121.48,1353,0,0
2022-07-04,southwest,Southwest,SW,2022,7,3,,33.94,11.28,11.98,1.55,7.89,6.4,15.41,36.5,12.26,9.77,2.17,3.11,17.9776,84.4,152.26,1332,0,0
2022-07-11,southwest,Southwest,SW,2022,7,3,,22.09,8.69,5.26,2.8,8.7,5.7,11.57,33.49,12.38,6.03,1.82,4.12,12.1776,85.1,122.65,1238,0,0
2022-07-18,southwest,Southwest,SW,2022,7,3,,21.02,9.59,7.98,3.71,6.79,5.57,16.41,36.5,14.88,8.31,1.84,3.57,11.844800000000001,84.5,136.17,1311,0,0
2022-07-25,southwest,Southwest,SW,2022,7,3,,28.84,8.99,5.96,2.66,7.53,7.01,14.44,31.21,10.33,7.19,1.83,3.21,14.136,83.5,129.2,1260,0,0
2022-08-01,southwest,Southwest,SW,2022,8,3,,22.93,8.46,4.98,1.99,14.05,6.1,9.93,45.49,9.62,6.68,1.95,3.23,15.1872,86.0,135.41,1286,0,0
2022-08-08,southwest,Southwest,SW,2022,8,3,,19.6,7.69,5.28,2.77,8.43,7.16,12.78,38.05,9.54,7.1,1.8,2.57,19.7184,87.5,122.77,1228,0,0
2022-08-15,southwest,Southwest,SW,2022,8,3,,20.8,11.21,6.58,2.47,6.25,5.34,15.27,26.74,12.49,4.95,2.27,3.09,15.208,86.4,117.46,1240,0,0
2022-08-22,southwest,Southwest,SW,2022,8,3,,22.82,7.83,7.31,3.47,11.14,6.16,15.99,38.86,10.13,5.85,2.55,4.14,27.2432,85.4,136.25,1334,0,0
2022-08-29,southwest,Southwest,SW,2022,8,3,,25.3,14.55,4.09,3.05,9.12,6.11,12.16,51.02,11.82,6.41,2.41,2.61,11.4,84.5,148.65,1275,0,0
2022-09-05,southwest,Southwest,SW,2022,9,3,,53.41,10.03,6.62,2.88,10.73,4.18,12.29,41.63,18.0,6.82,2.15,4.17,15.5056,81.0,172.91,1685,1,0
2022-09-12,southwest,Southwest,SW,2022,9,3,,58.15,9.85,6.23,2.21,8.5,5.06,20.06,36.51,16.83,9.23,1.67,2.82,14.5056,87.4,177.12,1559,1,0
2022-09-19,southwest,Southwest,SW,2022,9,3,,59.85,10.69,5.99,2.14,11.48,7.36,15.95,27.35,20.15,8.42,2.62,3.66,11.3952,84.0,175.66,1763,1,0
2022-09-26,southwest,Southwest,SW,2022,9,3,,38.87,8.5,8.18,3.1,8.87,5.27,18.6,44.98,15.54,12.56,1.7,3.0,9.7216,86.3,169.17,1922,1,0
2022-10-03,southwest,Southwest,SW,2022,10,4,,44.91,10.44,5.79,2.84,9.87,6.43,23.62,33.06,14.31,9.53,2.87,3.8,10.684800000000001,86.4,167.47,1773,1,1
2022-10-10,southwest,Southwest,SW,2022,10,4,,51.04,11.21,9.13,3.21,11.2,6.06,30.06,43.11,20.81,9.29,1.92,3.77,11.544,86.4,200.81,1779,1,1
2022-10-17,southwest,Southwest,SW,2022,10,4,,41.71,7.17,8.32,3.94,13.69,4.26,11.21,44.35,13.72,8.91,2.08,4.28,12.312000000000001,82.9,163.64,1832,1,1
2022-10-24,southwest,Southwest,SW,2022,10,4,,55.39,10.07,6.8,2.11,11.38,6.05,23.01,38.59,15.03,9.24,2.27,2.88,14.859200000000001,86.5,182.82,1790,1,1
2022-10-31,southwest,Southwest,SW,2022,10,4,,47.93,11.34,7.15,3.12,12.0,4.47,18.72,43.01,15.58,8.29,2.09,3.71,15.468800000000002,84.3,177.41,1963,1,1
2022-11-07,southwest,Southwest,SW,2022,11,4,,43.45,8.66,8.0,1.99,8.35,9.84,19.96,41.27,16.87,6.68,1.91,4.17,18.16,84.9,171.15,1894,1,0
2022-11-14,southwest,Southwest,SW,2022,11,4,,42.93,11.86,8.42,2.13,13.25,9.47,18.23,47.46,24.9,9.16,1.77,3.03,13.939200000000001,84.8,192.61,1884,1,0
2022-11-21,southwest,Southwest,SW,2022,11,4,,30.39,9.1,6.51,1.85,11.77,5.74,11.71,25.51,15.69,5.97,1.61,2.36,9.571200000000001,84.1,128.21,1967,1,0
2022-11-28,southwest,Southwest,SW,2022,11,4,,28.8,10.47,8.49,3.08,10.41,8.9,13.06,55.3,15.82,5.12,1.43,4.15,10.6896,84.6,165.03,1953,1,0
2022-12-05,southwest,Southwest,SW,2022,12,4,,24.33,10.25,8.01,2.33,9.65,6.32,10.59,38.52,12.01,6.26,2.24,3.37,12.2272,85.2,133.88,1530,0,0
2022-12-12,southwest,Southwest,SW,2022,12,4,,22.29,9.25,8.18,2.37,6.58,8.13,12.06,37.82,19.53,9.0,2.53,2.96,24.979200000000002,83.6,140.7,1493,0,0
2022-12-19,southwest,Southwest,SW,2022,12,4,,30.8,9.7,6.34,2.75,7.19,6.31,14.95,38.5,13.94,5.54,2.42,2.52,14.4944,82.6,140.96,1474,0,0
2022-12-26,southwest,Southwest,SW,2022,12,4,,28.18,9.81,8.56,1.91,11.06,4.87,13.64,37.55,23.63,8.7,2.23,3.35,10.9968,86.3,153.49,1437,0,0
2023-01-02,southwest,Southwest,SW,2023,1,1,,38.71,11.58,5.47,2.63,9.97,4.3,15.56,40.33,12.84,14.7,2.05,4.4,10.2448,95.4,162.54,1491,0,0
2023-01-09,southwest,Southwest,SW,2023,1,1,,35.38,10.64,6.27,2.42,10.83,5.64,27.03,48.54,11.35,9.9,2.46,3.12,11.2752,92.2,173.58,1496,0,0
2023-01-16,southwest,Southwest,SW,2023,1,1,,31.38,8.93,6.14,2.46,8.72,3.59,14.84,39.42,16.01,7.86,1.89,2.47,9.9936,95.6,143.71,1466,0,0
2023-01-23,southwest,Southwest,SW,2023,1,1,,44.06,11.18,6.57,3.24,9.31,5.42,15.92,38.16,13.87,7.41,2.47,3.22,12.4976,94.7,160.83,1417,0,0
2023-01-30,southwest,Southwest,SW,2023,1,1,,31.71,9.59,8.45,2.82,11.54,8.52,20.1,24.65,15.85,7.37,2.31,3.69,13.992,93.0,146.6,1590,0,0
2023-02-06,southwest,Southwest,SW,2023,2,1,,36.65,14.28,5.23,2.84,8.72,6.3,15.35,47.22,19.3,7.99,1.97,3.03,13.5808,94.2,168.88,1408,0,1
2023-02-13,southwest,Southwest,SW,2023,2,1,,39.13,13.86,5.1,2.17,10.36,5.47,15.16,37.88,14.35,6.5,2.0,3.1,11.64,95.6,155.08,1570,0,1
2023-02-20,southwest,Southwest,SW,2023,2,1,,32.24,19.15,7.04,2.55,9.17,4.85,15.49,38.23,19.47,6.56,1.93,3.72,12.872,93.5,160.4,1613,0,1
2023-02-27,southwest,Southwest,SW,2023,2,1,,29.64,17.42,6.94,2.08,9.15,6.33,12.2,49.19,15.94,5.77,1.84,3.17,9.8576,93.5,159.67,1595,0,1
2023-03-06,southwest,Southwest,SW,2023,3,1,,28.35,10.24,7.06,1.75,10.45,6.0,15.56,48.63,10.85,7.28,1.93,3.33,11.16,94.1,151.43,1557,0,0
2023-03-13,southwest,Southwest,SW,2023,3,1,,56.13,11.15,7.35,2.66,8.89,8.05,10.39,32.62,11.94,7.97,2.06,3.28,13.6208,93.6,162.49,1563,0,0
2023-03-20,southwest,Southwest,SW,2023,3,1,,29.18,10.6,7.28,2.5,9.79,7.58,13.35,36.46,11.91,6.41,2.41,3.3,20.0736,93.3,140.77,1515,0,0
2023-03-27,southwest,Southwest,SW,2023,3,1,,28.74,13.35,6.95,2.16,7.88,5.32,17.89,42.04,17.53,11.64,2.51,3.56,16.756800000000002,93.3,159.57,1569,0,0
2023-04-03,southwest,Southwest,SW,2023,4,2,,32.17,12.13,9.17,2.01,10.4,6.7,11.38,37.75,7.85,7.69,2.25,2.43,9.8528,85.6,141.93,1511,0,0
2023-04-10,southwest,Southwest,SW,2023,4,2,,30.63,8.01,7.94,1.69,9.44,6.06,11.52,46.63,9.36,9.22,2.13,3.02,15.1552,83.6,145.65,1493,0,0
2023-04-17,southwest,Southwest,SW,2023,4,2,,26.19,10.33,4.87,1.99,9.93,6.41,9.95,43.16,11.29,7.86,2.23,3.02,13.2576,86.6,137.23,1581,0,0
2023-04-24,southwest,Southwest,SW,2023,4,2,,29.4,8.74,4.73,2.25,8.69,5.07,14.33,38.49,13.48,6.1,1.95,3.81,24.8416,88.2,137.04,1534,0,0
2023-05-01,southwest,Southwest,SW,2023,5,2,,32.01,14.06,6.5,2.89,9.97,4.1,10.58,30.22,14.04,9.45,2.03,2.94,21.3248,84.8,138.79,1477,0,1
2023-05-08,southwest,Southwest,SW,2023,5,2,,32.35,12.59,8.24,2.89,8.98,6.03,18.33,35.36,16.21,7.79,2.5,3.58,11.616,88.0,154.85,1483,0,1
2023-05-15,southwest,Southwest,SW,2023,5,2,,29.9,15.16,7.73,2.63,7.9,6.11,13.17,27.78,11.22,5.41,2.4,3.21,14.2256,85.8,132.62,1454,0,1
2023-05-22,southwest,Southwest,SW,2023,5,2,,26.87,10.26,8.86,2.67,10.98,7.1,15.55,42.05,12.72,7.03,2.51,3.19,14.926400000000001,85.2,149.79,1535,0,1
2023-05-29,southwest,Southwest,SW,2023,5,2,,38.08,10.71,5.19,2.27,9.01,6.89,9.47,41.88,10.5,8.83,1.98,4.24,11.1392,84.9,149.05,1517,0,1
2023-06-05,southwest,Southwest,SW,2023,6,2,,22.34,7.44,4.86,2.27,6.39,9.96,9.48,28.99,10.77,6.59,1.21,2.42,8.4224,82.1,112.72,1377,0,0
2023-06-12,southwest,Southwest,SW,2023,6,2,,23.0,9.22,8.06,2.35,8.62,8.13,11.17,34.73,12.97,5.66,1.92,4.01,9.8112,84.3,129.84,1401,0,0
2023-06-19,southwest,Southwest,SW,2023,6,2,,22.1,12.15,5.18,1.93,8.85,7.63,15.81,22.49,10.53,5.94,1.84,3.01,13.4704,83.3,117.46,1361,0,0
2023-06-26,southwest,Southwest,SW,2023,6,2,,26.69,11.4,6.69,3.94,9.24,6.57,10.55,44.94,11.39,5.93,1.85,3.37,15.3136,86.3,142.56,1304,0,0
2023-07-03,southwest,Southwest,SW,2023,7,3,,25.45,12.56,7.09,1.55,8.6,7.02,17.17,31.71,11.44,6.96,1.39,2.06,14.2624,87.6,133.0,1379,0,0
2023-07-10,southwest,Southwest,SW,2023,7,3,,28.15,12.36,7.47,2.74,9.18,5.91,12.61,22.43,13.81,6.59,1.99,3.79,14.228800000000001,85.3,127.03,1394,0,0
2023-07-17,southwest,Southwest,SW,2023,7,3,,21.76,10.01,6.51,2.21,9.12,6.78,13.23,29.35,13.25,8.28,2.56,4.07,13.684800000000001,85.4,127.13,1325,0,0
2023-07-24,southwest,Southwest,SW,2023,7,3,,26.82,11.08,8.76,2.31,8.13,6.25,11.07,26.29,14.44,6.46,1.8,2.89,10.8496,86.4,126.3,1513,0,0
2023-07-31,southwest,Southwest,SW,2023,7,3,,19.83,11.08,6.14,2.32,8.22,3.73,16.3,34.96,13.54,7.2,1.87,2.1,12.729600000000001,85.2,127.29,1313,0,0
2023-08-07,southwest,Southwest,SW,2023,8,3,,28.44,8.36,6.27,1.56,6.58,6.6,12.77,34.43,14.53,4.89,1.49,2.39,14.513599999999999,86.8,128.31,1380,0,0
2023-08-14,southwest,Southwest,SW,2023,8,3,,24.16,10.37,7.77,1.94,14.63,4.97,11.82,29.84,14.57,6.59,1.9,2.58,14.0656,88.5,131.14,1361,0,0
2023-08-21,southwest,Southwest,SW,2023,8,3,,22.89,8.5,5.49,1.75,4.41,6.29,17.61,32.78,14.61,10.96,2.0,3.47,17.7664,87.2,130.76,1374,0,0
2023-08-28,southwest,Southwest,SW,2023,8,3,,26.85,11.72,6.02,2.7,8.41,10.08,22.13,28.52,10.1,6.75,2.48,2.57,11.3936,84.1,138.33,1445,0,0
2023-09-04,southwest,Southwest,SW,2023,9,3,,36.22,9.35,4.52,2.98,11.94,6.62,15.41,32.36,15.38,7.88,1.89,4.25,11.4352,86.3,148.8,1772,1,0
2023-09-11,southwest,Southwest,SW,2023,9,3,,39.15,10.26,8.36,2.29,15.94,5.6,22.54,67.23,16.6,6.92,2.3,3.87,11.1216,84.0,201.06,1845,1,0
2023-09-18,southwest,Southwest,SW,2023,9,3,,48.6,7.65,6.07,2.12,10.33,7.34,16.8,44.35,19.11,8.19,2.51,5.1,7.4112,84.7,178.17,1894,1,0
2023-09-25,southwest,Southwest,SW,2023,9,3,,35.67,8.43,5.77,2.7,11.35,5.36,28.92,28.82,14.4,8.73,2.07,3.61,14.472000000000001,87.5,155.83,1760,1,0
2023-10-02,southwest,Southwest,SW,2023,10,4,,53.54,10.6,4.11,2.02,12.28,7.92,15.55,36.13,17.87,9.23,2.18,3.31,12.8112,83.5,174.74,1913,1,1
2023-10-09,southwest,Southwest,SW,2023,10,4,,57.05,12.25,9.47,1.72,10.44,5.99,17.63,37.5,16.48,9.52,2.44,3.67,12.1904,84.4,184.16,1932,1,1
2023-10-16,southwest,Southwest,SW,2023,10,4,,62.69,10.23,6.37,1.91,11.48,5.83,23.26,40.59,18.96,10.46,2.5,3.14,10.8736,86.7,197.42,1865,1,1
2023-10-23,southwest,Southwest,SW,2023,10,4,,60.39,10.37,4.91,1.84,10.1,5.51,14.56,47.86,15.53,8.14,1.59,2.4,14.2928,83.7,183.2,2094,1,1
2023-10-30,southwest,Southwest,SW,2023,10,4,,67.16,8.85,6.05,2.12,13.9,4.25,19.32,66.6,17.19,7.57,1.51,5.52,12.844800000000001,82.1,220.04,2004,1,1
2023-11-06,southwest,Southwest,SW,2023,11,4,,41.12,11.22,6.72,2.73,10.89,8.83,15.86,42.29,20.52,6.97,2.03,4.01,17.4336,82.8,173.19,1919,1,0
2023-11-13,southwest,Southwest,SW,2023,11,4,,32.1,9.73,6.99,2.88,11.56,9.06,21.9,36.64,17.33,8.73,2.54,3.67,12.862400000000001,84.1,163.13,1939,1,0
2023-11-20,southwest,Southwest,SW,2023,11,4,,39.39,6.77,6.68,2.69,13.08,7.05,18.29,40.51,15.33,6.0,2.11,4.18,13.9184,84.9,162.08,1897,1,0
2023-11-27,southwest,Southwest,SW,2023,11,4,,42.56,8.77,5.85,2.29,11.05,6.31,21.66,40.03,14.96,8.09,2.52,3.13,17.529600000000002,84.5,167.22,1882,1,0
2023-12-04,southwest,Southwest,SW,2023,12,4,,27.49,10.8,6.2,3.04,9.1,5.22,11.75,40.75,17.45,5.84,1.36,3.62,11.9824,84.2,142.62,1651,0,0
2023-12-11,southwest,Southwest,SW,2023,12,4,,37.91,11.38,9.33,1.64,8.75,4.99,12.72,49.07,15.44,8.03,1.55,4.15,11.735999999999999,85.1,164.96,1656,0,0
2023-12-18,southwest,Southwest,SW,2023,12,4,,26.31,9.92,4.29,2.33,8.41,4.68,12.72,37.74,17.1,11.33,2.25,2.89,17.0256,84.3,139.97,1622,0,0
2023-12-25,southwest,Southwest,SW,2023,12,4,,35.15,9.87,5.68,2.3,7.79,6.21,19.26,41.95,14.16,6.08,3.56,3.49,9.3712,84.0,155.5,1640,0,0
2022-01-03,mountain,Mountain,MT,2022,1,1,,18.19,4.31,3.67,1.91,5.61,2.6,5.6,25.44,7.8,2.93,0.94,1.38,4.9672,92.9,80.38,682,0,0
2022-01-10,mountain,Mountain,MT,2022,1,1,,17.32,5.08,3.33,0.95,4.18,2.46,8.02,22.75,6.5,4.49,1.0,1.74,9.184800000000001,93.7,77.82,739,0,0
2022-01-17,mountain,Mountain,MT,2022,1,1,,18.26,6.58,3.0,1.48,5.65,2.62,6.24,21.42,7.88,3.25,0.9,3.0,5.0192000000000005,92.2,80.28,711,0,0
2022-01-24,mountain,Mountain,MT,2022,1,1,,13.67,5.27,3.48,1.69,4.5,2.84,7.45,25.98,6.71,3.27,0.75,2.01,6.6728,97.7,77.62,734,0,0
2022-01-31,mountain,Mountain,MT,2022,1,1,,17.06,4.53,4.06,1.41,4.42,3.62,8.6,22.33,6.81,3.3,0.96,1.69,8.012,95.2,78.79,785,0,0
2022-02-07,mountain,Mountain,MT,2022,2,1,,13.58,9.73,3.19,1.28,4.33,3.25,8.64,14.72,8.51,3.22,1.05,1.82,6.7456,94.3,73.32,799,0,1
2022-02-14,mountain,Mountain,MT,2022,2,1,,14.0,9.04,2.72,1.4,4.07,2.89,6.97,19.32,5.74,3.39,1.34,1.62,6.3344000000000005,92.3,72.5,784,0,1
2022-02-21,mountain,Mountain,MT,2022,2,1,,10.72,7.72,3.54,1.06,4.53,2.97,7.62,20.79,6.02,2.51,0.82,2.03,8.016,95.0,70.33,826,0,1
2022-02-28,mountain,Mountain,MT,2022,2,1,,16.08,5.9,3.19,1.15,4.82,3.38,9.58,22.65,10.54,3.92,0.99,2.0,7.2456,94.4,84.2,804,0,1
2022-03-07,mountain,Mountain,MT,2022,3,1,,14.64,4.71,3.41,1.71,7.84,4.48,7.75,14.15,6.77,3.95,1.16,1.5,5.8064,92.3,72.07,773,0,0
2022-03-14,mountain,Mountain,MT,2022,3,1,,12.36,2.72,6.75,1.63,4.52,5.3,5.55,20.17,7.55,3.3,0.8,1.85,8.7128,94.6,72.5,753,0,0
2022-03-21,mountain,Mountain,MT,2022,3,1,,14.37,5.55,2.7,1.28,6.38,3.43,5.73,22.15,9.04,3.64,0.9,1.96,9.8832,96.8,77.13,821,0,0
2022-03-28,mountain,Mountain,MT,2022,3,1,,14.79,6.1,2.9,1.2,6.04,3.2,7.27,15.97,6.41,3.27,0.78,1.67,8.858400000000001,94.6,69.6,787,0,0
2022-04-04,mountain,Mountain,MT,2022,4,2,,12.13,3.96,2.89,1.39,4.99,3.25,7.66,15.06,6.38,3.64,0.99,1.7,12.608,106.8,64.04,652,0,0
2022-04-11,mountain,Mountain,MT,2022,4,2,,14.64,4.4,3.15,1.23,4.7,3.04,7.06,15.66,7.17,4.03,0.99,1.25,5.916,107.3,67.32,711,0,0
2022-04-18,mountain,Mountain,MT,2022,4,2,,14.76,3.59,3.97,1.32,4.51,2.28,8.19,15.76,6.8,4.41,0.86,1.23,5.2176,104.6,67.68,700,0,0
2022-04-25,mountain,Mountain,MT,2022,4,2,,15.87,5.95,3.43,1.04,4.89,2.8,6.36,14.24,6.62,3.22,0.93,1.41,6.608,104.9,66.76,689,0,0
2022-05-02,mountain,Mountain,MT,2022,5,2,,24.49,5.45,3.5,1.25,4.62,2.88,7.2,15.66,7.7,4.57,0.8,1.5,5.656000000000001,105.8,79.62,732,0,1
2022-05-09,mountain,Mountain,MT,2022,5,2,,13.87,6.88,3.13,1.07,3.9,2.54,5.61,37.98,6.16,3.9,1.0,1.12,6.5392,106.5,87.16,692,0,1
2022-05-16,mountain,Mountain,MT,2022,5,2,,12.35,6.3,3.5,1.37,6.7,2.48,6.59,15.46,8.56,4.35,1.01,1.67,7.456,107.1,70.34,712,0,1
2022-05-23,mountain,Mountain,MT,2022,5,2,,10.38,4.95,3.04,1.17,5.35,2.81,6.22,15.87,5.88,4.03,1.12,1.22,7.6376,107.3,62.04,705,0,1
2022-05-30,mountain,Mountain,MT,2022,5,2,,15.63,6.42,3.69,1.27,4.68,2.77,7.26,16.29,7.85,3.83,0.49,1.65,8.4488,103.9,71.83,742,0,1
2022-06-06,mountain,Mountain,MT,2022,6,2,,12.57,5.95,3.12,1.3,3.38,4.35,5.27,14.82,6.77,2.57,0.92,1.56,5.2136000000000005,107.2,62.58,564,0,0
2022-06-13,mountain,Mountain,MT,2022,6,2,,10.72,4.31,3.74,1.33,4.12,3.26,6.24,13.22,7.65,2.95,0.74,1.25,6.716799999999999,105.8,59.53,583,0,0
2022-06-20,mountain,Mountain,MT,2022,6,2,,11.37,5.21,3.07,1.02,4.66,3.31,7.27,14.43,5.22,3.58,0.89,1.24,4.8232,104.2,61.27,604,0,0
2022-06-27,mountain,Mountain,MT,2022,6,2,,14.48,4.31,2.46,1.64,3.85,3.09,6.58,12.11,6.32,3.12,0.97,1.4,6.404800000000001,103.3,60.33,601,0,0
2022-07-04,mountain,Mountain,MT,2022,7,3,,14.94,5.16,3.37,1.19,4.51,4.49,7.11,11.18,6.15,4.55,1.32,1.61,8.492799999999999,103.8,65.58,564,0,0
2022-07-11,mountain,Mountain,MT,2022,7,3,,8.3,5.61,4.26,1.0,3.7,2.53,5.53,16.3,7.25,2.77,0.84,1.65,9.7768,105.5,59.74,577,0,0
2022-07-18,mountain,Mountain,MT,2022,7,3,,11.38,5.28,2.72,0.99,4.01,2.86,8.59,22.13,6.88,3.0,0.91,1.31,8.292,104.3,70.06,594,0,0
2022-07-25,mountain,Mountain,MT,2022,7,3,,11.01,4.34,3.37,1.25,5.22,3.32,8.25,16.42,5.52,2.44,0.76,1.88,4.7016,105.5,63.78,591,0,0
2022-08-01,mountain,Mountain,MT,2022,8,3,,10.62,4.77,2.55,1.39,4.69,3.58,10.52,15.73,5.72,3.27,1.22,1.73,5.6448,103.3,65.79,588,0,0
2022-08-08,mountain,Mountain,MT,2022,8,3,,8.68,4.18,2.93,1.09,3.61,3.48,10.24,20.55,5.69,3.83,0.74,1.59,7.396000000000001,103.9,66.61,626,0,0
2022-08-15,mountain,Mountain,MT,2022,8,3,,15.01,4.92,3.25,0.8,3.78,2.74,5.96,15.78,10.41,3.53,0.98,1.67,6.7072,104.9,68.83,594,0,0
2022-08-22,mountain,Mountain,MT,2022,8,3,,12.23,4.67,2.49,1.8,3.64,3.52,7.25,16.86,8.25,4.49,0.89,1.96,6.4248,104.7,68.05,623,0,0
2022-08-29,mountain,Mountain,MT,2022,8,3,,11.86,4.79,3.06,1.23,5.76,3.07,7.41,15.95,7.26,3.29,1.02,1.23,6.7303999999999995,103.1,65.93,588,0,0
2022-09-05,mountain,Mountain,MT,2022,9,3,,24.85,5.76,6.31,1.4,6.17,2.41,6.38,21.61,7.01,5.79,0.93,2.31,7.5904,104.1,90.93,895,1,0
2022-09-12,mountain,Mountain,MT,2022,9,3,,18.83,5.24,4.03,1.8,4.78,2.62,7.69,20.26,8.98,4.05,0.95,1.96,9.5664,102.4,81.19,1039,1,0
2022-09-19,mountain,Mountain,MT,2022,9,3,,27.55,5.28,5.04,0.92,7.34,2.78,10.18,22.74,6.31,3.42,1.11,1.75,5.1024,105.1,94.42,973,1,0
2022-09-26,mountain,Mountain,MT,2022,9,3,,18.08,5.47,3.5,1.23,4.82,2.99,6.83,19.22,7.85,5.46,1.04,2.32,6.1432,107.3,78.81,986,1,0
2022-10-03,mountain,Mountain,MT,2022,10,4,,40.79,5.03,3.11,1.32,5.93,3.61,8.49,25.62,10.9,4.18,1.0,1.66,4.4664,98.9,111.64,975,1,1
2022-10-10,mountain,Mountain,MT,2022,10,4,,30.69,4.45,3.28,1.07,5.92,3.8,8.15,20.82,11.28,4.47,1.12,2.83,6.3344000000000005,98.6,97.88,1026,1,1
2022-10-17,mountain,Mountain,MT,2022,10,4,,25.8,7.6,4.06,1.17,3.62,3.54,8.62,17.61,7.16,4.08,1.43,2.6,8.8872,101.5,87.29,1061,1,1
2022-10-24,mountain,Mountain,MT,2022,10,4,,25.22,7.23,2.91,1.04,5.54,3.81,7.21,19.12,7.98,3.96,1.34,3.02,7.0360000000000005,98.2,88.38,1004,1,1
2022-10-31,mountain,Mountain,MT,2022,10,4,,25.93,4.21,2.93,1.46,6.77,2.32,10.2,18.95,9.21,2.63,1.21,1.92,7.468,101.5,87.74,1026,1,1
2022-11-07,mountain,Mountain,MT,2022,11,4,,18.5,4.56,2.73,1.43,4.75,3.53,14.75,13.6,9.02,3.43,0.94,2.03,6.6368,98.2,79.27,1038,1,0
2022-11-14,mountain,Mountain,MT,2022,11,4,,22.18,6.69,3.49,1.49,6.75,3.84,12.04,18.1,8.02,3.22,1.1,1.79,5.544,99.5,88.71,995,1,0
2022-11-21,mountain,Mountain,MT,2022,11,4,,20.39,5.47,3.3,1.64,5.27,3.8,6.06,16.85,7.22,5.89,1.11,1.67,4.708,99.6,78.67,1098,1,0
2022-11-28,mountain,Mountain,MT,2022,11,4,,19.72,3.61,3.1,1.39,4.77,5.41,9.65,15.23,7.53,4.65,1.08,1.97,8.5552,101.1,78.11,938,1,0
2022-12-05,mountain,Mountain,MT,2022,12,4,,8.89,4.99,2.1,1.12,4.39,3.54,8.36,17.0,7.91,3.35,1.0,1.68,5.852,102.8,64.33,722,0,0
2022-12-12,mountain,Mountain,MT,2022,12,4,,13.49,5.21,3.8,1.45,3.67,2.87,7.43,15.86,6.75,4.04,1.06,1.54,6.172000000000001,99.5,67.17,787,0,0
2022-12-19,mountain,Mountain,MT,2022,12,4,,12.1,5.97,3.22,1.28,6.52,4.39,9.48,20.56,7.73,2.56,1.34,1.52,4.3224,100.0,76.67,738,0,0
2022-12-26,mountain,Mountain,MT,2022,12,4,,16.75,6.27,2.78,1.11,4.49,2.71,6.63,15.45,6.4,3.71,1.32,1.43,5.624,97.4,69.05,781,0,0
2023-01-02,mountain,Mountain,MT,2023,1,1,,14.1,5.37,5.1,1.29,4.52,3.34,4.61,19.97,5.73,4.78,1.07,2.52,6.5712,104.9,72.4,799,0,0
2023-01-09,mountain,Mountain,MT,2023,1,1,,16.16,5.2,2.75,0.9,5.11,3.76,8.09,25.03,7.2,4.67,0.95,2.41,6.8528,106.7,82.23,815,0,0
2023-01-16,mountain,Mountain,MT,2023,1,1,,13.07,5.08,2.24,1.05,3.93,2.39,7.29,21.64,8.14,4.63,0.99,1.39,8.8288,108.5,71.84,755,0,0
2023-01-23,mountain,Mountain,MT,2023,1,1,,12.37,4.9,2.82,1.36,5.61,2.05,6.57,16.13,7.68,3.47,1.04,2.17,6.0848,104.5,66.17,797,0,0
2023-01-30,mountain,Mountain,MT,2023,1,1,,17.81,3.48,2.61,1.47,3.23,2.34,7.87,15.47,6.54,3.41,1.32,1.32,6.2648,106.1,66.87,785,0,0
2023-02-06,mountain,Mountain,MT,2023,2,1,,13.58,8.57,3.4,1.31,6.57,2.49,7.67,15.39,6.79,3.76,1.26,2.03,15.259200000000002,106.7,72.82,847,0,1
2023-02-13,mountain,Mountain,MT,2023,2,1,,17.38,8.43,3.41,1.01,3.54,4.23,9.93,15.54,6.26,4.11,1.04,1.7,8.0928,102.8,76.58,786,0,1
2023-02-20,mountain,Mountain,MT,2023,2,1,,16.04,6.9,3.19,1.51,5.14,2.51,6.87,21.34,9.58,3.56,0.74,1.29,4.8296,107.1,78.67,738,0,1
2023-02-27,mountain,Mountain,MT,2023,2,1,,17.64,7.66,3.6,1.08,5.66,2.13,6.63,23.86,8.26,3.45,1.04,1.49,8.5504,103.8,82.5,851,0,1
2023-03-06,mountain,Mountain,MT,2023,3,1,,29.53,4.01,4.24,1.14,4.31,4.57,5.67,20.69,9.23,3.52,1.07,1.32,4.6432,105.4,89.3,813,0,0
2023-03-13,mountain,Mountain,MT,2023,3,1,,15.64,4.23,3.91,1.07,4.53,3.61,7.37,14.94,5.97,3.27,0.94,2.22,7.032000000000001,103.1,67.7,834,0,0
2023-03-20,mountain,Mountain,MT,2023,3,1,,12.19,4.49,3.39,1.17,3.11,4.7,8.51,20.41,6.11,4.16,1.13,1.78,7.4392,104.5,71.15,828,0,0
2023-03-27,mountain,Mountain,MT,2023,3,1,,17.0,4.32,2.64,1.33,4.4,3.66,7.23,24.01,6.69,4.19,1.4,2.02,10.6224,102.5,78.89,795,0,0
2023-04-03,mountain,Mountain,MT,2023,4,2,,15.97,4.81,4.25,1.17,6.63,2.18,5.13,19.01,7.66,3.74,0.8,1.27,5.9368,110.4,72.62,778,0,0
2023-04-10,mountain,Mountain,MT,2023,4,2,,11.75,3.88,3.27,1.83,4.43,3.78,7.5,16.33,5.76,3.2,1.19,2.16,5.852,112.3,65.08,715,0,0
2023-04-17,mountain,Mountain,MT,2023,4,2,,12.74,5.1,2.82,1.32,3.97,3.81,6.4,21.55,7.66,4.85,1.24,1.62,3.9032,110.0,73.08,712,0,0
2023-04-24,mountain,Mountain,MT,2023,4,2,,15.02,3.97,3.65,1.36,4.88,2.09,6.63,14.39,5.14,2.87,1.1,1.55,6.5968,107.8,62.65,758,0,0
2023-05-01,mountain,Mountain,MT,2023,5,2,,12.1,5.67,3.66,0.98,4.38,3.19,5.86,19.91,7.31,3.82,0.94,2.34,6.4416,109.5,70.16,741,0,1
2023-05-08,mountain,Mountain,MT,2023,5,2,,11.85,6.49,3.94,1.43,5.39,2.57,6.96,17.17,8.82,4.04,0.8,2.01,8.648,110.3,71.47,762,0,1
2023-05-15,mountain,Mountain,MT,2023,5,2,,11.35,7.69,3.41,1.2,5.3,3.57,9.87,16.54,7.61,3.65,1.03,1.29,6.0608,109.8,72.51,740,0,1
2023-05-22,mountain,Mountain,MT,2023,5,2,,11.6,6.39,3.68,1.16,4.74,2.2,6.4,13.72,4.68,3.92,0.79,1.32,5.76,111.0,60.6,730,0,1
2023-05-29,mountain,Mountain,MT,2023,5,2,,16.24,5.86,3.54,1.2,4.68,1.99,5.89,20.38,5.22,4.46,0.84,1.34,5.776000000000001,113.0,71.64,758,0,1
2023-06-05,mountain,Mountain,MT,2023,6,2,,12.27,4.01,3.67,1.28,3.6,6.34,5.76,16.19,7.54,3.33,1.14,1.34,5.4112,109.9,66.47,581,0,0
2023-06-12,mountain,Mountain,MT,2023,6,2,,11.99,6.14,2.58,0.99,4.75,5.81,4.82,18.35,6.3,3.28,0.79,1.71,5.8432,109.8,67.51,617,0,0
2023-06-19,mountain,Mountain,MT,2023,6,2,,14.21,4.52,3.59,1.19,4.1,4.05,5.37,15.28,6.59,2.83,1.53,1.45,5.207999999999999,108.9,64.71,599,0,0
2023-06-26,mountain,Mountain,MT,2023,6,2,,9.93,4.33,2.64,1.14,3.96,3.39,7.35,14.09,5.84,4.1,1.04,1.37,7.2352,111.5,59.18,616,0,0
2023-07-03,mountain,Mountain,MT,2023,7,3,,11.42,4.44,2.94,1.33,4.09,2.55,4.46,12.05,5.99,3.02,0.7,1.6,6.9312000000000005,107.9,54.59,635,0,0
2023-07-10,mountain,Mountain,MT,2023,7,3,,9.74,4.34,3.49,0.99,5.42,4.6,5.04,16.58,5.49,2.58,1.03,1.43,4.784800000000001,104.7,60.73,627,0,0
2023-07-17,mountain,Mountain,MT,2023,7,3,,15.6,8.49,2.71,1.51,4.34,3.89,6.68,11.92,6.48,3.29,1.52,1.62,6.5224,105.4,68.05,629,0,0
2023-07-24,mountain,Mountain,MT,2023,7,3,,14.5,4.68,3.87,0.94,3.75,3.89,8.14,18.21,6.97,3.46,0.89,1.19,7.9976,105.2,70.49,639,0,0
2023-07-31,mountain,Mountain,MT,2023,7,3,,9.78,4.4,3.09,1.49,4.65,2.93,7.14,16.31,5.58,4.41,0.96,1.37,7.9079999999999995,103.8,62.11,638,0,0
2023-08-07,mountain,Mountain,MT,2023,8,3,,13.31,5.13,3.16,1.21,3.22,2.93,6.25,21.92,6.77,2.81,0.68,1.52,5.1984,106.1,68.91,648,0,0
2023-08-14,mountain,Mountain,MT,2023,8,3,,13.76,6.89,2.76,1.09,3.43,2.75,5.89,15.52,6.87,2.82,1.07,1.56,8.3544,104.9,64.41,666,0,0
2023-08-21,mountain,Mountain,MT,2023,8,3,,12.94,4.53,3.96,0.99,3.84,3.13,7.02,24.7,7.85,3.04,0.81,1.36,5.756799999999999,105.3,74.17,685,0,0
2023-08-28,mountain,Mountain,MT,2023,8,3,,19.51,4.45,2.61,0.74,4.82,3.66,6.19,14.02,7.04,3.05,0.95,1.84,6.4272,106.4,68.88,621,0,0
2023-09-04,mountain,Mountain,MT,2023,9,3,,19.08,5.52,3.65,0.95,4.62,2.73,11.91,35.17,6.64,3.29,1.19,2.21,5.9648,104.5,96.96,982,1,0
2023-09-11,mountain,Mountain,MT,2023,9,3,,16.74,5.6,3.4,1.3,5.38,2.92,8.44,22.95,5.74,3.45,0.75,2.18,5.0312,105.1,78.85,933,1,0
2023-09-18,mountain,Mountain,MT,2023,9,3,,20.36,4.29,3.8,1.14,4.9,2.55,6.61,14.94,8.31,4.91,1.09,1.05,5.476,103.9,73.95,1114,1,0
2023-09-25,mountain,Mountain,MT,2023,9,3,,20.27,3.48,2.35,0.92,6.74,2.04,6.53,36.72,9.9,3.34,1.08,1.61,8.2096,103.4,94.98,1028,1,0
2023-10-02,mountain,Mountain,MT,2023,10,4,,22.7,4.81,4.31,1.45,7.31,2.73,9.71,24.79,10.02,5.46,1.02,1.59,8.2544,95.2,95.9,1094,1,1
2023-10-09,mountain,Mountain,MT,2023,10,4,,28.14,4.78,2.29,1.56,6.86,3.2,9.53,23.18,7.62,4.95,1.08,1.78,7.333600000000001,95.3,94.97,1101,1,1
2023-10-16,mountain,Mountain,MT,2023,10,4,,29.79,5.28,2.78,0.97,5.34,2.52,11.02,40.85,10.32,5.22,0.98,1.89,6.1176,96.4,116.96,1124,1,1
2023-10-23,mountain,Mountain,MT,2023,10,4,,35.73,5.53,3.45,1.35,6.31,3.12,6.69,22.14,5.78,4.09,0.77,1.43,9.1752,93.9,96.39,1098,1,1
2023-10-30,mountain,Mountain,MT,2023,10,4,,36.35,5.29,3.9,1.22,5.25,3.49,8.64,22.91,8.96,3.79,1.08,2.09,7.798400000000001,93.4,102.97,1149,1,1
2023-11-06,mountain,Mountain,MT,2023,11,4,,15.78,3.94,5.2,1.25,4.98,3.23,9.21,21.93,8.48,5.12,0.83,1.63,6.252000000000001,97.7,81.58,1137,1,0
2023-11-13,mountain,Mountain,MT,2023,11,4,,17.1,5.33,3.56,1.2,5.87,5.2,8.62,16.78,9.2,4.5,0.81,1.91,7.6448,95.2,80.08,1105,1,0
2023-11-20,mountain,Mountain,MT,2023,11,4,,23.47,5.06,2.79,1.78,4.0,3.8,9.78,18.73,6.58,3.66,1.14,1.78,7.603200000000001,92.9,82.57,1183,1,0
2023-11-27,mountain,Mountain,MT,2023,11,4,,17.45,6.39,3.5,1.09,3.91,4.84,14.99,19.58,10.23,4.78,0.95,1.68,8.204,94.9,89.39,1132,1,0
2023-12-04,mountain,Mountain,MT,2023,12,4,,13.63,3.13,3.37,0.97,4.78,2.75,9.36,20.86,8.36,2.65,0.89,2.13,6.972799999999999,94.0,72.88,805,0,0
2023-12-11,mountain,Mountain,MT,2023,12,4,,13.0,5.51,3.44,1.13,3.67,3.06,5.82,15.17,7.24,2.61,0.9,1.6,4.368,95.5,63.15,831,0,0
2023-12-18,mountain,Mountain,MT,2023,12,4,,16.96,4.89,3.26,1.21,4.62,2.56,8.75,19.03,5.36,3.14,1.01,1.93,6.659199999999999,94.4,72.72,817,0,0
2023-12-25,mountain,Mountain,MT,2023,12,4,,14.2,5.74,3.04,0.87,5.2,2.39,8.21,17.94,7.89,3.96,1.08,1.66,9.8896,96.9,72.18,788,0,0
2022-01-03,pacific,Pacific,PC,2022,1,1,,36.9,10.76,5.35,2.41,7.98,7.62,14.02,42.42,17.78,7.85,1.89,3.95,12.921600000000002,112.7,158.93,1658,0,0
2022-01-10,pacific,Pacific,PC,2022,1,1,,41.8,8.64,5.95,3.58,9.77,6.43,17.83,42.64,16.67,8.67,2.04,3.47,16.392,108.3,167.49,1798,0,0
2022-01-17,pacific,Pacific,PC,2022,1,1,,40.23,10.7,6.43,1.66,11.2,5.45,14.4,39.7,11.35,6.61,2.15,2.79,9.2288,111.4,152.67,1556,0,0
2022-01-24,pacific,Pacific,PC,2022,1,1,,30.2,8.56,6.72,2.43,8.82,4.4,14.57,28.68,13.17,7.55,2.21,3.14,13.0144,109.9,130.45,1724,0,0
2022-01-31,pacific,Pacific,PC,2022,1,1,,38.1,8.98,6.32,2.2,9.91,4.47,12.42,29.13,10.68,8.6,1.78,3.48,12.7952,112.0,136.07,1812,0,0
2022-02-07,pacific,Pacific,PC,2022,2,1,,29.22,14.93,6.33,3.15,9.86,9.08,10.71,31.03,14.79,7.46,2.46,3.88,15.0928,111.8,142.9,1785,0,1
2022-02-14,pacific,Pacific,PC,2022,2,1,,23.86,16.75,7.17,3.43,8.52,5.32,13.62,54.83,13.96,5.09,1.87,2.95,11.735999999999999,109.8,157.37,1930,0,1
2022-02-21,pacific,Pacific,PC,2022,2,1,,20.75,19.46,6.73,1.88,10.58,5.04,16.9,40.67,11.2,9.58,2.12,3.44,16.3184,108.2,148.35,1850,0,1
2022-02-28,pacific,Pacific,PC,2022,2,1,,36.13,15.83,8.24,2.17,11.23,8.9,12.31,27.66,13.51,7.56,2.48,3.53,13.8784,112.0,149.55,1874,0,1
2022-03-07,pacific,Pacific,PC,2022,3,1,,29.19,9.35,5.39,3.15,6.86,8.97,14.34,47.79,17.83,6.07,1.59,2.88,10.9504,109.3,153.41,1787,0,0
2022-03-14,pacific,Pacific,PC,2022,3,1,,33.35,11.65,8.95,2.35,8.27,7.3,14.33,34.92,13.53,7.08,1.61,2.63,14.3664,110.2,145.97,1893,0,0
2022-03-21,pacific,Pacific,PC,2022,3,1,,27.33,12.98,6.01,3.07,7.5,5.36,15.5,26.75,16.91,6.4,1.56,3.46,12.4976,108.3,132.83,1857,0,0
2022-03-28,pacific,Pacific,PC,2022,3,1,,28.12,10.56,6.44,2.67,12.54,11.19,11.77,46.89,12.14,8.37,2.31,2.96,14.116800000000001,109.5,155.96,1819,0,0
2022-04-04,pacific,Pacific,PC,2022,4,2,,19.71,9.11,6.92,3.03,6.56,9.77,11.93,33.21,11.46,7.32,1.6,4.12,10.0992,116.5,124.74,1789,0,0
2022-04-11,pacific,Pacific,PC,2022,4,2,,29.28,6.43,4.44,3.32,8.09,6.79,13.66,31.82,17.13,7.27,1.23,4.48,12.126400000000002,115.6,133.94,1856,0,0
2022-04-18,pacific,Pacific,PC,2022,4,2,,33.81,11.42,5.76,3.08,8.21,6.18,13.94,40.93,13.26,8.35,2.2,2.22,15.6928,113.9,149.36,1713,0,0
2022-04-25,pacific,Pacific,PC,2022,4,2,,30.08,9.77,5.61,1.81,8.34,5.81,16.71,32.22,21.31,9.16,2.0,3.11,16.9552,112.2,145.93,1784,0,0
2022-05-02,pacific,Pacific,PC,2022,5,2,,45.98,10.44,5.65,2.54,7.64,5.73,15.44,35.34,9.82,7.59,2.24,3.37,13.9792,116.0,151.78,1738,0,1
2022-05-09,pacific,Pacific,PC,2022,5,2,,31.67,13.3,5.14,2.92,9.45,7.33,12.96,32.88,16.95,8.48,2.36,2.54,12.2096,114.4,145.98,1776,0,1
2022-05-16,pacific,Pacific,PC,2022,5,2,,24.6,11.2,9.18,3.26,8.06,4.92,20.33,62.86,10.81,6.64,1.95,3.93,11.4704,115.3,167.74,1859,0,1
2022-05-23,pacific,Pacific,PC,2022,5,2,,29.71,11.72,7.07,1.87,10.46,5.4,10.45,42.26,19.27,7.61,2.38,2.55,11.126400000000002,114.8,150.75,1901,0,1
2022-05-30,pacific,Pacific,PC,2022,5,2,,24.3,16.32,7.18,2.59,8.91,5.68,15.72,35.37,13.36,6.96,1.73,4.34,11.123199999999999,114.4,142.46,1882,0,1
2022-06-06,pacific,Pacific,PC,2022,6,2,,22.91,8.88,6.57,3.63,7.91,6.72,14.05,28.19,14.31,5.5,1.72,4.42,10.8048,115.9,124.81,1583,0,0
2022-06-13,pacific,Pacific,PC,2022,6,2,,33.36,8.84,8.57,2.32,9.39,5.84,10.98,31.05,14.05,7.18,2.0,3.63,12.5856,113.7,137.21,1553,0,0
2022-06-20,pacific,Pacific,PC,2022,6,2,,26.02,10.73,6.23,2.03,7.81,5.8,13.67,24.5,10.61,7.45,2.96,2.96,11.3856,115.2,120.77,1492,0,0
2022-06-27,pacific,Pacific,PC,2022,6,2,,24.81,8.73,6.61,3.55,6.56,6.49,12.8,31.71,10.5,11.39,1.89,5.15,14.296,115.6,130.19,1646,0,0
2022-07-04,pacific,Pacific,PC,2022,7,3,,44.41,13.94,9.18,2.92,8.39,5.11,11.57,30.09,15.0,5.72,1.85,2.79,13.7568,112.0,150.97,1590,0,0
2022-07-11,pacific,Pacific,PC,2022,7,3,,23.67,12.1,5.82,2.52,7.68,5.86,9.48,31.95,10.01,6.57,1.99,2.39,15.942400000000001,110.1,120.04,1676,0,0
2022-07-18,pacific,Pacific,PC,2022,7,3,,21.97,7.09,7.07,2.41,7.71,5.23,13.55,31.49,13.03,11.36,2.45,2.96,14.3344,108.2,126.32,1609,0,0
2022-07-25,pacific,Pacific,PC,2022,7,3,,27.3,10.54,6.41,2.37,7.13,10.02,9.45,26.92,14.71,6.19,1.55,3.1,15.136,111.0,125.69,1652,0,0
2022-08-01,pacific,Pacific,PC,2022,8,3,,26.14,9.16,6.27,1.84,7.26,5.19,12.5,25.35,12.96,7.52,1.82,2.06,10.868800000000002,108.7,118.07,1527,0,0
2022-08-08,pacific,Pacific,PC,2022,8,3,,19.59,7.63,7.48,2.57,6.52,5.54,9.81,37.99,10.73,8.94,1.86,3.4,14.116800000000001,109.0,122.06,1659,0,0
2022-08-15,pacific,Pacific,PC,2022,8,3,,25.85,7.4,5.97,2.37,4.84,6.0,15.56,36.35,12.32,6.72,2.65,3.9,13.454400000000001,109.3,129.93,1651,0,0
2022-08-22,pacific,Pacific,PC,2022,8,3,,24.5,14.83,4.88,3.52,13.27,5.44,13.43,31.28,15.3,5.5,1.95,3.5,8.6224,109.7,137.4,1553,0,0
2022-08-29,pacific,Pacific,PC,2022,8,3,,27.0,6.48,6.85,4.69,5.93,7.15,11.73,28.94,17.95,10.62,1.4,3.54,12.6576,111.9,132.28,1619,0,0
2022-09-05,pacific,Pacific,PC,2022,9,3,,21.32,9.24,6.74,2.46,10.14,6.6,18.17,34.38,20.13,9.22,1.51,4.33,10.468800000000002,111.0,144.24,2287,1,0
2022-09-12,pacific,Pacific,PC,2022,9,3,,45.69,10.18,6.93,2.67,10.59,5.05,26.04,37.23,19.48,7.11,2.33,3.21,9.4416,108.3,176.51,2205,1,0
2022-09-19,pacific,Pacific,PC,2022,9,3,,42.85,12.16,7.51,2.16,10.07,8.06,12.77,34.6,16.42,12.18,1.98,5.44,12.028800000000002,112.3,166.2,2351,1,0
2022-09-26,pacific,Pacific,PC,2022,9,3,,51.56,9.32,5.75,2.18,11.12,4.72,30.34,32.55,13.88,9.24,1.98,3.37,11.276800000000001,111.6,176.01,2208,1,0
2022-10-03,pacific,Pacific,PC,2022,10,4,,42.85,9.33,6.53,2.34,8.77,5.67,15.82,45.7,20.06,8.84,2.54,3.93,11.0096,115.6,172.38,2236,1,1
2022-10-10,pacific,Pacific,PC,2022,10,4,,70.28,8.83,5.54,3.89,13.23,5.6,19.2,24.56,18.55,8.52,1.93,2.6,9.6,111.5,182.73,2223,1,1
2022-10-17,pacific,Pacific,PC,2022,10,4,,62.5,8.3,8.04,2.28,8.33,9.53,16.29,33.98,15.18,13.67,2.04,6.52,18.2656,113.7,186.66,2240,1,1
2022-10-24,pacific,Pacific,PC,2022,10,4,,47.09,9.46,5.3,2.84,9.74,6.57,13.97,56.15,18.59,5.77,1.69,4.07,9.976,115.0,181.24,2200,1,1
2022-10-31,pacific,Pacific,PC,2022,10,4,,45.74,9.77,5.58,2.28,11.92,6.3,11.56,47.25,19.03,9.44,2.25,4.65,11.966400000000002,117.5,175.77,2342,1,1
2022-11-07,pacific,Pacific,PC,2022,11,4,,41.23,9.24,6.15,3.46,12.68,5.82,17.56,41.15,10.94,8.19,1.58,3.32,14.672,117.0,161.32,2179,1,0
2022-11-14,pacific,Pacific,PC,2022,11,4,,40.54,9.48,6.58,2.67,7.49,6.02,15.65,48.39,25.32,8.44,1.98,3.02,15.566400000000002,113.6,175.58,2389,1,0
2022-11-21,pacific,Pacific,PC,2022,11,4,,51.94,9.2,6.18,1.81,10.49,10.75,18.73,37.22,18.67,8.52,2.12,3.93,10.2688,112.5,179.56,2160,1,0
2022-11-28,pacific,Pacific,PC,2022,11,4,,38.35,10.67,5.5,3.62,10.54,9.4,15.09,27.62,14.52,7.81,3.26,3.09,19.302400000000002,114.7,149.47,2191,1,0
2022-12-05,pacific,Pacific,PC,2022,12,4,,33.92,9.57,7.74,1.56,9.63,4.2,16.32,52.68,9.16,5.08,2.15,3.32,14.2992,115.2,155.33,1896,0,0
2022-12-12,pacific,Pacific,PC,2022,12,4,,34.62,10.79,6.2,1.96,7.36,7.13,11.65,34.75,13.82,9.45,1.45,2.91,13.5856,113.1,142.09,1841,0,0
2022-12-19,pacific,Pacific,PC,2022,12,4,,32.68,9.04,7.74,3.04,7.53,7.16,8.43,33.19,18.85,7.97,2.14,2.8,13.8128,113.7,140.57,1909,0,0
2022-12-26,pacific,Pacific,PC,2022,12,4,,25.67,8.52,7.4,2.32,8.3,6.67,13.15,32.62,15.15,8.33,1.34,3.44,10.0816,118.2,132.91,1817,0,0
2023-01-02,pacific,Pacific,PC,2023,1,1,,30.04,11.62,5.78,2.28,10.62,5.67,20.02,38.2,11.83,6.61,2.42,3.29,10.851199999999999,109.4,148.38,2072,0,0
2023-01-09,pacific,Pacific,PC,2023,1,1,,34.81,8.92,7.04,2.98,8.34,5.84,13.64,40.08,12.79,5.8,1.53,2.8,12.4176,109.5,144.57,1904,0,0
2023-01-16,pacific,Pacific,PC,2023,1,1,,30.53,13.22,4.96,2.27,10.01,6.28,23.02,26.73,14.31,9.43,1.82,3.26,12.025599999999999,114.2,145.84,1971,0,0
2023-01-23,pacific,Pacific,PC,2023,1,1,,34.13,8.85,6.44,2.22,10.03,6.06,13.49,21.73,18.49,7.62,2.36,2.54,13.2272,109.5,133.96,1964,0,0
2023-01-30,pacific,Pacific,PC,2023,1,1,,32.94,14.6,6.72,2.15,9.99,4.69,12.78,39.19,16.3,9.84,2.18,3.24,10.361600000000001,108.5,154.62,1985,0,0
2023-02-06,pacific,Pacific,PC,2023,2,1,,24.61,11.81,6.77,2.72,8.36,5.12,15.44,31.32,13.82,7.99,1.81,3.02,15.56,108.9,132.79,1993,0,1
2023-02-13,pacific,Pacific,PC,2023,2,1,,40.56,16.87,5.8,2.79,10.05,3.95,20.1,45.76,12.99,8.06,1.85,2.98,10.0848,110.4,171.76,2037,0,1
2023-02-20,pacific,Pacific,PC,2023,2,1,,40.23,12.06,6.1,2.67,7.35,7.06,15.4,37.82,16.73,6.41,1.83,2.77,13.4048,109.3,156.43,1848,0,1
2023-02-27,pacific,Pacific,PC,2023,2,1,,21.19,14.67,6.81,2.46,6.91,4.8,17.22,47.08,12.22,6.75,1.64,3.99,10.8784,109.8,145.74,2019,0,1
2023-03-06,pacific,Pacific,PC,2023,3,1,,30.95,9.74,6.03,2.45,12.78,6.27,15.74,33.32,15.91,6.52,2.26,3.1,12.1392,109.9,145.07,1961,0,0
2023-03-13,pacific,Pacific,PC,2023,3,1,,35.37,11.46,6.73,2.68,14.96,5.8,15.13,37.15,11.9,8.22,1.51,3.11,9.5328,114.7,154.02,1914,0,0
2023-03-20,pacific,Pacific,PC,2023,3,1,,34.27,12.56,6.68,2.28,14.94,8.29,15.61,45.64,16.49,6.87,1.83,3.23,12.377600000000001,111.1,168.69,2017,0,0
2023-03-27,pacific,Pacific,PC,2023,3,1,,28.67,7.98,8.73,2.15,7.78,6.87,12.75,38.89,13.53,6.69,1.91,3.64,14.6224,108.6,139.59,2105,0,0
2023-04-03,pacific,Pacific,PC,2023,4,2,,24.53,10.34,6.63,2.93,12.56,5.9,11.05,19.9,9.59,6.42,2.29,4.3,16.488,114.7,116.44,2001,0,0
2023-04-10,pacific,Pacific,PC,2023,4,2,,29.07,17.33,6.01,2.73,6.8,5.54,22.82,35.45,20.22,9.03,2.06,3.88,12.552000000000001,116.2,160.94,1837,0,0
2023-04-17,pacific,Pacific,PC,2023,4,2,,28.84,9.08,5.05,3.52,7.9,7.17,14.29,41.04,15.69,6.0,2.45,3.56,10.032,116.6,144.59,1682,0,0
2023-04-24,pacific,Pacific,PC,2023,4,2,,34.22,9.05,6.06,2.58,10.6,5.89,15.94,38.44,14.42,8.9,2.29,3.64,15.0672,112.6,152.03,1905,0,0
2023-05-01,pacific,Pacific,PC,2023,5,2,,33.43,14.54,7.8,2.79,8.94,4.75,14.93,31.83,14.2,6.28,2.12,3.32,24.0256,112.9,144.93,1752,0,1
2023-05-08,pacific,Pacific,PC,2023,5,2,,26.66,14.9,5.0,2.42,12.06,8.18,10.6,32.47,14.58,8.34,2.45,2.26,12.374400000000001,115.7,139.92,1905,0,1
2023-05-15,pacific,Pacific,PC,2023,5,2,,27.01,12.9,5.38,2.39,9.27,4.84,11.62,53.21,10.4,7.74,2.0,3.68,11.488,114.0,150.44,1846,0,1
2023-05-22,pacific,Pacific,PC,2023,5,2,,28.29,16.72,8.25,2.27,9.58,5.11,17.63,30.77,12.26,7.42,1.4,3.5,12.4944,113.8,143.2,1919,0,1
2023-05-29,pacific,Pacific,PC,2023,5,2,,34.49,14.13,7.08,2.25,7.81,4.91,14.39,31.9,11.47,8.78,1.76,3.26,12.8736,115.3,142.23,1817,0,1
2023-06-05,pacific,Pacific,PC,2023,6,2,,19.91,11.82,5.72,2.73,6.72,7.17,11.12,33.42,11.99,7.65,1.84,2.75,15.0496,116.2,122.84,1637,0,0
2023-06-12,pacific,Pacific,PC,2023,6,2,,21.6,12.09,5.78,2.38,10.25,7.52,12.81,31.33,12.41,6.53,1.81,3.91,10.8032,114.6,128.42,1659,0,0
2023-06-19,pacific,Pacific,PC,2023,6,2,,37.24,8.81,7.05,2.46,7.94,6.9,14.54,28.99,11.33,5.93,1.86,3.49,17.024,112.1,136.54,1725,0,0
2023-06-26,pacific,Pacific,PC,2023,6,2,,19.55,11.83,7.34,2.24,9.94,11.07,15.78,25.83,13.73,7.1,2.34,2.3,12.2128,114.2,129.05,1612,0,0
2023-07-03,pacific,Pacific,PC,2023,7,3,,17.19,11.45,5.67,2.19,8.11,5.11,11.6,49.66,13.08,11.53,2.01,2.66,9.7552,103.3,140.26,1828,0,0
2023-07-10,pacific,Pacific,PC,2023,7,3,,27.88,9.31,6.46,2.27,8.83,5.67,14.99,18.15,12.08,6.27,1.75,3.46,14.688,105.8,117.12,1867,0,0
2023-07-17,pacific,Pacific,PC,2023,7,3,,23.83,11.92,7.79,2.92,10.83,5.84,13.05,34.68,10.77,6.21,1.74,2.75,14.406400000000001,108.1,132.33,1815,0,0
2023-07-24,pacific,Pacific,PC,2023,7,3,,25.33,7.08,8.67,2.02,9.31,4.79,12.53,28.32,14.8,7.36,1.42,3.14,13.5856,105.4,124.77,1646,0,0
2023-07-31,pacific,Pacific,PC,2023,7,3,,24.44,7.05,5.97,3.28,7.21,5.83,15.0,53.96,13.36,7.48,1.49,4.75,20.7696,105.7,149.82,1665,0,0
2023-08-07,pacific,Pacific,PC,2023,8,3,,27.47,10.29,6.7,2.8,7.95,6.23,12.38,32.61,11.8,7.38,2.28,3.02,24.736,106.2,130.91,1754,0,0
2023-08-14,pacific,Pacific,PC,2023,8,3,,22.96,9.7,8.28,2.74,7.41,5.68,11.85,40.47,9.83,6.52,1.76,3.02,16.752000000000002,107.0,130.22,1657,0,0
2023-08-21,pacific,Pacific,PC,2023,8,3,,27.09,15.54,7.11,2.63,9.73,4.77,13.0,35.89,12.71,6.47,1.74,3.66,12.956800000000001,104.1,140.34,1789,0,0
2023-08-28,pacific,Pacific,PC,2023,8,3,,27.7,9.18,5.56,2.14,8.13,6.23,12.1,36.54,14.87,7.3,2.36,2.74,11.4704,104.9,134.85,1644,0,0
2023-09-04,pacific,Pacific,PC,2023,9,3,,57.18,8.21,5.17,3.77,12.48,4.41,21.1,39.38,17.49,5.79,1.65,4.53,9.6,106.4,181.16,2300,1,0
2023-09-11,pacific,Pacific,PC,2023,9,3,,29.86,9.74,4.66,2.55,11.27,4.15,15.59,41.9,13.16,9.87,1.94,4.35,13.608,103.6,149.04,2400,1,0
2023-09-18,pacific,Pacific,PC,2023,9,3,,45.68,6.63,8.72,2.65,9.94,6.73,19.06,46.41,30.35,5.54,3.44,3.68,14.2624,102.7,188.83,2286,1,0
2023-09-25,pacific,Pacific,PC,2023,9,3,,44.63,8.89,7.8,2.36,7.91,9.37,13.38,44.03,14.78,6.58,2.24,4.58,15.415999999999999,104.3,166.55,2370,1,0
2023-10-02,pacific,Pacific,PC,2023,10,4,,42.76,8.12,7.93,2.94,10.49,4.84,20.36,41.97,12.87,8.4,1.57,4.75,11.575999999999999,116.9,167.0,2303,1,1
2023-10-09,pacific,Pacific,PC,2023,10,4,,56.8,11.38,8.77,2.61,11.18,8.0,18.91,50.87,32.92,9.5,1.8,3.22,14.6256,115.2,215.96,2390,1,1
2023-10-16,pacific,Pacific,PC,2023,10,4,,49.78,10.12,6.73,2.51,12.22,6.39,21.54,34.08,20.86,9.39,1.89,3.87,9.8736,114.3,179.38,2305,1,1
2023-10-23,pacific,Pacific,PC,2023,10,4,,60.83,9.41,9.09,2.02,9.51,7.5,15.02,32.38,13.71,7.78,1.87,2.61,13.0336,116.5,171.73,2251,1,1
2023-10-30,pacific,Pacific,PC,2023,10,4,,59.38,10.31,5.93,3.37,11.55,5.5,20.24,35.54,15.22,7.73,1.68,3.07,24.2944,115.8,179.52,2156,1,1
2023-11-06,pacific,Pacific,PC,2023,11,4,,31.08,7.38,5.82,2.65,11.79,7.32,25.48,42.31,29.16,6.71,1.82,3.56,14.5616,113.8,175.08,2518,1,0
2023-11-13,pacific,Pacific,PC,2023,11,4,,39.13,10.76,7.53,2.53,9.14,8.31,15.17,35.85,17.28,6.42,1.93,4.04,15.081600000000002,114.7,158.09,2483,1,0
2023-11-20,pacific,Pacific,PC,2023,11,4,,35.34,10.29,7.34,2.9,8.23,6.94,20.52,35.85,19.74,9.52,1.67,4.64,14.248,113.5,162.98,2396,1,0
2023-11-27,pacific,Pacific,PC,2023,11,4,,31.78,10.78,4.63,2.79,11.76,7.32,21.18,34.78,14.99,11.21,1.91,4.31,13.088,115.2,157.44,2364,1,0
2023-12-04,pacific,Pacific,PC,2023,12,4,,30.34,9.06,9.19,2.37,8.47,4.48,14.93,31.29,16.18,7.56,1.59,3.76,16.4048,116.0,139.22,2019,0,0
2023-12-11,pacific,Pacific,PC,2023,12,4,,26.81,11.26,9.59,2.37,6.44,5.24,13.38,30.9,13.38,4.66,2.99,3.98,12.667200000000001,111.3,131.0,2082,0,0
2023-12-18,pacific,Pacific,PC,2023,12,4,,31.53,11.62,4.51,2.07,9.05,5.1,18.84,48.88,12.35,5.0,2.03,2.57,23.7008,113.5,153.55,1829,0,0
2023-12-25,pacific,Pacific,PC,2023,12,4,,19.83,8.25,6.13,2.02,10.88,6.27,12.8,31.64,14.66,8.62,1.46,3.52,17.556800000000003,117.5,126.08,1800,0,0
